city,predicted_species,confidence,shap_avg_annual_gdd,shap_avg_frost_days_per_year,shap_avg_annual_precip_mm,shap_temp_variability_c,shap_aridity_index,shap_est_growing_season_days,shap_climate_zone_ordinal,shap_water_stress_category,shap_current_water_deficit_mm,shap_soil_ph,shap_clay_pct,shap_sand_pct,shap_silt_pct,shap_organic_carbon_g_kg,shap_nitrogen_g_kg,shap_water_retention_score,shap_nitrogen_deficient_flag,shap_irrigation_needed_flag,shap_needs_legume_companion,shap_needs_drought_tolerant_companion,shap_soil_feature_completeness,shap_climate_feature_completeness,shap_soil_texture_class,shap_climate_zone,shap_gdd_crop_class,shap_ph_band,shap_rainfall_band
Accra,Carica papaya,0.8268,0.559,0.5037,0.4379,0.1495,0.1192,0.0982,0.0381,0.0159,0.0012,0.0,0.0,0.0,0.0,0.0,0.0,0.0,0.0,0.0,0.0,0.0,0.0,0.0,0.0,0.0,0.0,0.0,0.0
Addis Ababa,Carica papaya,0.6118,-0.5245,0.5037,0.4379,0.1495,0.1192,0.0982,0.0381,-0.0151,0.0012,0.0,0.0,0.0,0.0,0.0,0.0,0.0,0.0,0.0,0.0,0.0,0.0,0.0,0.0,0.0,0.0,0.0,0.0
Almaty,Foeniculum vulgare,0.5538,-0.5008,0.3582,0.0641,0.0316,-0.0424,0.0176,0.0,0.4183,0.7884,0.0,0.0,0.0,0.0,0.0,0.0,0.0,0.0,0.0,0.0,0.0,0.0,0.0,0.0,0.1332,0.0,0.0,0.0
Amman,Foeniculum vulgare,0.8422,0.4296,0.174,0.0733,-0.0548,-0.0424,0.0176,0.0,0.4098,0.7884,0.0,0.0,0.0,0.0,0.0,0.0,0.0,0.0,0.0,0.0,0.0,0.0,0.0,0.0,0.1332,0.0,0.0,0.0
Ankara,Tanacetum vulgare,0.6517,0.9798,0.2391,0.0,0.3037,0.0,0.0213,0.0,0.0,-0.0197,0.0,0.0,0.0,0.0,0.0,0.0,0.0,0.0,0.0,0.0,0.0,0.0,0.0,0.0,0.0,0.0,0.0,0.0
Asuncion,Carica papaya,0.4731,0.559,-0.2245,0.4379,-0.1618,-0.1026,-0.1131,0.0381,0.0159,-0.0544,0.0,0.0,0.0,0.0,0.0,0.0,0.0,0.0,0.0,0.0,0.0,0.0,0.0,0.0,0.0,0.0,0.0,0.0
Auckland,Carica papaya,0.4984,-0.5245,0.5037,-0.0236,0.1495,0.1192,0.0982,0.0381,-0.0151,0.0012,0.0,0.0,0.0,0.0,0.0,0.0,0.0,0.0,0.0,0.0,0.0,0.0,0.0,0.0,0.0,0.0,0.0,0.0
Bangkok,Carica papaya,0.6996,0.559,0.4952,0.4379,-0.1618,0.1192,0.0982,0.0381,-0.0151,0.0012,0.0,0.0,0.0,0.0,0.0,0.0,0.0,0.0,0.0,0.0,0.0,0.0,0.0,0.0,0.0,0.0,0.0,0.0
Berlin,Tanacetum vulgare,0.8114,1.2731,0.1435,0.0,0.3037,0.0,-0.0211,0.0,0.0,0.0198,0.0,0.0,0.0,0.0,0.0,0.0,0.0,0.0,0.0,0.0,0.0,0.0,0.0,0.0,0.0,0.0,0.0,0.0
Bogota,Carica papaya,0.651,-0.2999,0.4952,0.4379,0.0423,-0.1026,0.0982,0.0381,0.0159,0.0086,0.0,0.0,0.0,0.0,0.0,0.0,0.0,0.0,0.0,0.0,0.0,0.0,0.0,0.0,0.0,0.0,0.0,0.0
Bucharest,Foeniculum vulgare,0.4485,-0.3465,0.3771,-0.1234,-0.0222,-0.0567,0.0176,0.0,-0.4983,0.6933,0.0,0.0,0.0,0.0,0.0,0.0,0.0,0.0,0.0,0.0,0.0,0.0,0.0,0.0,0.1332,0.0,0.0,0.0
Budapest,Foeniculum vulgare,0.5463,-0.5008,0.3531,-0.0687,-0.0222,-0.0424,0.0176,0.0,0.4183,0.7783,0.0,0.0,0.0,0.0,0.0,0.0,0.0,0.0,0.0,0.0,0.0,0.0,0.0,0.0,0.1332,0.0,0.0,0.0
Buenos Aires,Carica papaya,0.3973,-0.5245,0.5037,-0.1646,0.1495,0.1192,0.0982,0.0381,-0.0151,0.0012,0.0,0.0,0.0,0.0,0.0,0.0,0.0,0.0,0.0,0.0,0.0,0.0,0.0,0.0,0.0,0.0,0.0,0.0
Cairo,Foeniculum vulgare,0.4943,0.383,-0.5421,0.0733,-0.0728,-0.0424,-0.0255,0.0,0.4098,0.7884,0.0,0.0,0.0,0.0,0.0,0.0,0.0,0.0,0.0,0.0,0.0,0.0,0.0,0.0,-0.1753,0.0,0.0,0.0
Casablanca,Foeniculum vulgare,0.454,0.383,-0.5096,0.0733,-0.0059,-0.0424,-0.0255,0.0,-0.4858,0.7884,0.0,0.0,0.0,0.0,0.0,0.0,0.0,0.0,0.0,0.0,0.0,0.0,0.0,0.0,-0.1753,0.0,0.0,0.0
Chengdu,Foeniculum vulgare,0.7732,0.4296,0.4,0.015,0.0668,0.0987,0.0176,0.0,0.4183,-0.4923,0.0,0.0,0.0,0.0,0.0,0.0,0.0,0.0,0.0,0.0,0.0,0.0,0.0,0.0,0.1332,0.0,0.0,0.0
Copenhagen,Tanacetum vulgare,0.6148,1.2731,-0.2249,0.0,-0.3085,0.0,-0.0211,0.0,0.0,-0.0197,0.0,0.0,0.0,0.0,0.0,0.0,0.0,0.0,0.0,0.0,0.0,0.0,0.0,0.0,0.0,0.0,0.0,0.0
Dar es Salaam,Carica papaya,0.8315,0.559,0.5037,0.4379,0.1495,-0.1026,0.0982,0.0381,0.0159,0.0086,0.0,0.0,0.0,0.0,0.0,0.0,0.0,0.0,0.0,0.0,0.0,0.0,0.0,0.0,0.0,0.0,0.0,0.0
Delhi,Carica papaya,0.5858,0.559,0.4952,-0.2606,-0.0527,0.1192,0.0982,0.0381,-0.0151,0.0012,0.0,0.0,0.0,0.0,0.0,0.0,0.0,0.0,0.0,0.0,0.0,0.0,0.0,0.0,0.0,0.0,0.0,0.0
Des Moines,Foeniculum vulgare,0.4211,-0.5008,0.3422,0.0079,-0.0222,-0.0567,0.0176,0.0,-0.4983,0.6933,0.0,0.0,0.0,0.0,0.0,0.0,0.0,0.0,0.0,0.0,0.0,0.0,0.0,0.0,0.1332,0.0,0.0,0.0
Dhaka,Carica papaya,0.778,0.559,0.5037,0.4379,0.1495,0.1192,0.0982,0.0381,-0.0151,0.0012,0.0,0.0,0.0,0.0,0.0,0.0,0.0,0.0,0.0,0.0,0.0,0.0,0.0,0.0,0.0,0.0,0.0,0.0
Fresno,Foeniculum vulgare,0.9069,0.4296,0.2719,0.0641,-0.0548,-0.0424,0.0176,0.0,0.4098,0.7884,0.0,0.0,0.0,0.0,0.0,0.0,0.0,0.0,0.0,0.0,0.0,0.0,0.0,0.0,0.1332,0.0,0.0,0.0
Guadalajara,Carica papaya,0.6012,0.559,0.4952,-0.2606,-0.0453,0.1192,0.0982,0.0381,-0.0151,0.0012,0.0,0.0,0.0,0.0,0.0,0.0,0.0,0.0,0.0,0.0,0.0,0.0,0.0,0.0,0.0,0.0,0.0,0.0
Hanoi,Carica papaya,0.778,0.559,0.5037,0.4379,0.1495,0.1192,0.0982,0.0381,-0.0151,0.0012,0.0,0.0,0.0,0.0,0.0,0.0,0.0,0.0,0.0,0.0,0.0,0.0,0.0,0.0,0.0,0.0,0.0,0.0
Harare,Carica papaya,0.4389,-0.266,0.4952,-0.1438,-0.1618,-0.1026,0.0982,0.0381,0.0159,0.0086,0.0,0.0,0.0,0.0,0.0,0.0,0.0,0.0,0.0,0.0,0.0,0.0,0.0,0.0,0.0,0.0,0.0,0.0
Helsinki,Tanacetum vulgare,0.7821,1.2731,0.2391,0.0,0.1789,0.0,0.0213,0.0,0.0,-0.0197,0.0,0.0,0.0,0.0,0.0,0.0,0.0,0.0,0.0,0.0,0.0,0.0,0.0,0.0,0.0,0.0,0.0,0.0
Islamabad,Foeniculum vulgare,0.471,0.4296,0.1143,0.0105,-0.0222,0.0987,0.0176,0.0,0.4098,-0.4923,0.0,0.0,0.0,0.0,0.0,0.0,0.0,0.0,0.0,0.0,0.0,0.0,0.0,0.0,0.1332,0.0,0.0,0.0
Kampala,Carica papaya,0.8288,0.559,0.5037,0.4379,0.1495,-0.1236,0.0982,0.0381,0.0159,0.0086,0.0,0.0,0.0,0.0,0.0,0.0,0.0,0.0,0.0,0.0,0.0,0.0,0.0,0.0,0.0,0.0,0.0,0.0
Kansas City,Foeniculum vulgare,0.8931,0.4296,0.3879,0.0079,-0.0222,-0.0424,0.0176,0.0,0.4183,0.7783,0.0,0.0,0.0,0.0,0.0,0.0,0.0,0.0,0.0,0.0,0.0,0.0,0.0,0.0,0.1332,0.0,0.0,0.0
Kyiv,Tanacetum vulgare,0.8424,1.2731,0.2391,0.0,0.3037,0.0,0.0213,0.0,0.0,-0.0197,0.0,0.0,0.0,0.0,0.0,0.0,0.0,0.0,0.0,0.0,0.0,0.0,0.0,0.0,0.0,0.0,0.0,0.0
Lagos,Carica papaya,0.8263,0.559,0.5037,0.4379,0.1495,0.084,0.0982,0.0381,0.0159,0.0161,0.0,0.0,0.0,0.0,0.0,0.0,0.0,0.0,0.0,0.0,0.0,0.0,0.0,0.0,0.0,0.0,0.0,0.0
Lima,Carica papaya,0.383,-0.5245,0.4952,-0.34,-0.0527,-0.1026,0.0982,0.0381,0.0159,0.0086,0.0,0.0,0.0,0.0,0.0,0.0,0.0,0.0,0.0,0.0,0.0,0.0,0.0,0.0,0.0,0.0,0.0,0.0
Lusaka,Carica papaya,0.6001,0.559,0.4952,-0.0596,-0.0527,-0.1026,0.0982,0.0381,0.0159,0.0086,0.0,0.0,0.0,0.0,0.0,0.0,0.0,0.0,0.0,0.0,0.0,0.0,0.0,0.0,0.0,0.0,0.0,0.0
Madrid,Foeniculum vulgare,0.8423,-0.3465,0.3931,0.0641,0.1111,-0.0424,0.0176,0.0,0.4183,0.7884,0.0,0.0,0.0,0.0,0.0,0.0,0.0,0.0,0.0,0.0,0.0,0.0,0.0,0.0,0.1332,0.0,0.0,0.0
Manila,Carica papaya,0.778,0.559,0.5037,0.4379,0.1495,0.1192,0.0982,0.0381,-0.0151,0.0012,0.0,0.0,0.0,0.0,0.0,0.0,0.0,0.0,0.0,0.0,0.0,0.0,0.0,0.0,0.0,0.0,0.0,0.0
Mexico City,Foeniculum vulgare,0.3755,-0.5008,0.1324,0.0105,0.1111,0.0987,0.0176,0.0,0.4098,-0.4923,0.0,0.0,0.0,0.0,0.0,0.0,0.0,0.0,0.0,0.0,0.0,0.0,0.0,0.0,0.1332,0.0,0.0,0.0
Nairobi,Carica papaya,0.7032,0.5688,0.5037,-0.34,0.1495,-0.1026,0.0982,0.0381,0.0159,0.0086,0.0,0.0,0.0,0.0,0.0,0.0,0.0,0.0,0.0,0.0,0.0,0.0,0.0,0.0,0.0,0.0,0.0,0.0
Oslo,Tanacetum vulgare,0.7779,1.2731,0.2391,0.0,-0.0037,0.0,0.0213,0.0,0.0,-0.0197,0.0,0.0,0.0,0.0,0.0,0.0,0.0,0.0,0.0,0.0,0.0,0.0,0.0,0.0,0.0,0.0,0.0,0.0
Paris,Tanacetum vulgare,0.7457,1.2731,-0.0814,0.0,0.3037,0.0,-0.0211,0.0,0.0,-0.0197,0.0,0.0,0.0,0.0,0.0,0.0,0.0,0.0,0.0,0.0,0.0,0.0,0.0,0.0,0.0,0.0,0.0,0.0
Perth,Carica papaya,0.4,-0.266,0.4952,-0.34,-0.0453,-0.1236,0.0982,0.0381,0.0159,-0.0161,0.0,0.0,0.0,0.0,0.0,0.0,0.0,0.0,0.0,0.0,0.0,0.0,0.0,0.0,0.0,0.0,0.0,0.0
Prague,Tanacetum vulgare,0.5674,1.2731,0.2391,0.0,0.3037,0.0,0.0213,0.0,0.0,0.0198,0.0,0.0,0.0,0.0,0.0,0.0,0.0,0.0,0.0,0.0,0.0,0.0,0.0,0.0,0.0,0.0,0.0,0.0
Rome,Foeniculum vulgare,0.7393,0.4296,0.2891,-0.0992,0.146,-0.085,0.0176,0.0,-0.4858,0.5932,0.0,0.0,0.0,0.0,0.0,0.0,0.0,0.0,0.0,0.0,0.0,0.0,0.0,0.0,-0.1753,0.0,0.0,0.0
Sacramento,Foeniculum vulgare,0.8967,0.4296,0.2788,-0.1234,0.146,-0.0424,0.0176,0.0,0.4098,0.7783,0.0,0.0,0.0,0.0,0.0,0.0,0.0,0.0,0.0,0.0,0.0,0.0,0.0,0.0,-0.1753,0.0,0.0,0.0
Santiago,Foeniculum vulgare,0.5055,-0.2586,0.2719,0.0481,-0.0548,0.0987,0.0176,0.0,0.4098,-0.5052,0.0,0.0,0.0,0.0,0.0,0.0,0.0,0.0,0.0,0.0,0.0,0.0,0.0,0.0,-0.1753,0.0,0.0,0.0
Sao Paulo,Carica papaya,0.4462,-0.1421,0.4952,-0.14,-0.1618,-0.1026,0.0982,0.0381,0.0159,0.0086,0.0,0.0,0.0,0.0,0.0,0.0,0.0,0.0,0.0,0.0,0.0,0.0,0.0,0.0,0.0,0.0,0.0,0.0
Seoul,Foeniculum vulgare,0.3069,-0.3465,0.3891,0.015,0.146,0.0987,0.0176,0.0,-0.4983,-0.4923,0.0,0.0,0.0,0.0,0.0,0.0,0.0,0.0,0.0,0.0,0.0,0.0,0.0,0.0,0.1332,0.0,0.0,0.0
Stockholm,Tanacetum vulgare,0.7899,1.2731,0.2391,0.0,-0.0853,0.0,0.0213,0.0,0.0,0.0198,0.0,0.0,0.0,0.0,0.0,0.0,0.0,0.0,0.0,0.0,0.0,0.0,0.0,0.0,0.0,0.0,0.0,0.0
Sydney,Carica papaya,0.4108,-0.5245,0.4952,-0.1502,0.0423,-0.0542,0.0982,0.0381,0.0159,0.0012,0.0,0.0,0.0,0.0,0.0,0.0,0.0,0.0,0.0,0.0,0.0,0.0,0.0,0.0,0.0,0.0,0.0,0.0
Tashkent,Foeniculum vulgare,0.9402,0.4296,0.3931,0.0641,0.146,-0.0424,0.0176,0.0,0.4183,0.7884,0.0,0.0,0.0,0.0,0.0,0.0,0.0,0.0,0.0,0.0,0.0,0.0,0.0,0.0,0.1332,0.0,0.0,0.0
Tehran,Foeniculum vulgare,0.9292,0.4296,0.381,0.0641,-0.0222,-0.0424,0.0176,0.0,0.4183,0.7884,0.0,0.0,0.0,0.0,0.0,0.0,0.0,0.0,0.0,0.0,0.0,0.0,0.0,0.0,0.1332,0.0,0.0,0.0
Tokyo,Foeniculum vulgare,0.7619,0.4296,0.4,0.015,0.146,0.0987,0.0176,0.0,0.4183,-0.4923,0.0,0.0,0.0,0.0,0.0,0.0,0.0,0.0,0.0,0.0,0.0,0.0,0.0,0.0,0.1332,0.0,0.0,0.0
Vienna,Tanacetum vulgare,0.5667,1.2731,0.2391,0.0,0.3037,0.0,0.0213,0.0,0.0,0.0198,0.0,0.0,0.0,0.0,0.0,0.0,0.0,0.0,0.0,0.0,0.0,0.0,0.0,0.0,0.0,0.0,0.0,0.0
Warsaw,Tanacetum vulgare,0.8369,1.2731,0.2391,0.0,0.3037,0.0,0.0213,0.0,0.0,0.0198,0.0,0.0,0.0,0.0,0.0,0.0,0.0,0.0,0.0,0.0,0.0,0.0,0.0,0.0,0.0,0.0,0.0,0.0
Winnipeg,Tanacetum vulgare,0.7117,1.2731,0.2391,0.0,0.3037,0.0,0.0213,0.0,0.0,0.0198,0.0,0.0,0.0,0.0,0.0,0.0,0.0,0.0,0.0,0.0,0.0,0.0,0.0,0.0,0.0,0.0,0.0,0.0
