species_a,species_b,relationship,mechanism,evidence_level,notes,evidence_source,source_url
Zea mays,Phaseolus vulgaris,beneficial,nitrogen_fixation,scientific,Classic Three Sisters — beans fix nitrogen that feeds maize,"VERIFIED — Zhang, Postma, York & Lynch (2014), Annals of Botany, PMC4416130. Real peer-reviewed root niche complementarity study on Three Sisters.",https://pmc.ncbi.nlm.nih.gov/articles/PMC4416130/
Zea mays,Cucurbita pepo,beneficial,ground_cover,scientific,Classic Three Sisters — squash leaves shade soil reducing moisture loss,"VERIFIED — Zhang, Postma, York & Lynch (2014), Annals of Botany, PMC4416130. Same Three Sisters study.",https://pmc.ncbi.nlm.nih.gov/articles/PMC4416130/
Phaseolus vulgaris,Cucurbita pepo,beneficial,root_complementarity,scientific,Classic Three Sisters — shallow beans + deep squash roots avoid competition,"VERIFIED — Zhang, Postma, York & Lynch (2014), Annals of Botany, PMC4416130. Same Three Sisters study.",https://pmc.ncbi.nlm.nih.gov/articles/PMC4416130/
Triticum aestivum,Trifolium repens,beneficial,nitrogen_fixation,scientific,White clover understorey fixes nitrogen and suppresses weeds under wheat,Not independently verified in this pass — evidence_level as originally assigned by domain-knowledge estimate. See DATA_PROVENANCE.md.,
Oryza sativa,Azolla pinnata,beneficial,nitrogen_fixation,scientific,Azolla fern fixes nitrogen in flooded paddy rice systems,"VERIFIED — Ventura & Watanabe (1993), Biology and Fertility of Soils; IRRI Rice Knowledge Bank. Azolla-rice N contribution well-documented (30-110 kg N/ha/crop).",https://link.springer.com/article/10.1007/BF00337207
Solanum lycopersicum,Ocimum basilicum,beneficial,pest_repulsion,traditional,Basil repels aphids and whitefly from tomatoes,Not independently verified in this pass — evidence_level as originally assigned by domain-knowledge estimate. See DATA_PROVENANCE.md.,
Solanum lycopersicum,Tagetes erecta,beneficial,pest_repulsion,scientific,Marigolds exude alpha-terthienyl which suppresses root nematodes,"VERIFIED — Gommers & Bakker (1988); confirmed by multiple recent nematology reviews (PMC6504006, 2019; Plant Science Today, 2025). Alpha-terthienyl nematode suppression is genuinely well-established.",https://pmc.ncbi.nlm.nih.gov/articles/PMC6504006/
Brassica oleracea,Allium sativum,beneficial,pest_repulsion,traditional,Garlic repels cabbage white butterfly from brassicas,Not independently verified in this pass — evidence_level as originally assigned by domain-knowledge estimate. See DATA_PROVENANCE.md.,
Brassica oleracea,Petroselinum crispum,beneficial,predator_attraction,anecdotal,Parsley attracts predatory wasps that parasitise cabbage aphids,Not independently verified in this pass — evidence_level as originally assigned by domain-knowledge estimate. See DATA_PROVENANCE.md.,
Daucus carota,Allium cepa,beneficial,pest_repulsion,traditional,Onion scent confuses carrot fly; carrot scent confuses onion fly,Not independently verified in this pass — evidence_level as originally assigned by domain-knowledge estimate. See DATA_PROVENANCE.md.,
Allium sativum,Rosa,beneficial,pest_repulsion,traditional,Garlic repels aphids and black spot fungus from roses,Not independently verified in this pass — evidence_level as originally assigned by domain-knowledge estimate. See DATA_PROVENANCE.md.,
Vicia faba,Lavandula angustifolia,beneficial,predator_attraction,anecdotal,Lavender attracts hoverflies whose larvae consume blackfly on broad beans,Not independently verified in this pass — evidence_level as originally assigned by domain-knowledge estimate. See DATA_PROVENANCE.md.,
Helianthus annuus,Cucurbita maxima,beneficial,canopy_complementarity,traditional,Sunflower provides trellis structure and wind shelter for squash,Not independently verified in this pass — evidence_level as originally assigned by domain-knowledge estimate. See DATA_PROVENANCE.md.,
Medicago sativa,Zea mays,beneficial,nitrogen_fixation,scientific,Alfalfa fixes nitrogen and improves soil structure for subsequent maize,Not independently verified in this pass — evidence_level as originally assigned by domain-knowledge estimate. See DATA_PROVENANCE.md.,
Sorghum bicolor,Vigna unguiculata,beneficial,nitrogen_fixation,scientific,Cowpea fixes nitrogen and provides ground cover under sorghum,Not independently verified in this pass — evidence_level as originally assigned by domain-knowledge estimate. See DATA_PROVENANCE.md.,
Musa,Coffea arabica,beneficial,canopy_complementarity,scientific,Banana provides dappled shade matching coffee's preferred light intensity,Not independently verified in this pass — evidence_level as originally assigned by domain-knowledge estimate. See DATA_PROVENANCE.md.,
Carica papaya,Arachis hypogaea,beneficial,nitrogen_fixation,traditional,Groundnut fixes nitrogen in alleys between papaya rows,Not independently verified in this pass — evidence_level as originally assigned by domain-knowledge estimate. See DATA_PROVENANCE.md.,
Manihot esculenta,Cajanus cajan,beneficial,nitrogen_fixation,scientific,Pigeon pea fixes nitrogen and its deep roots break cassava hardpan,"VERIFIED — Agroforestry Systems journal (2026), pigeon pea-cassava 15N nitrogen transfer study. Confirms real N transfer mechanism.",https://link.springer.com/article/10.1007/s10457-026-01520-9
Saccharum officinarum,Sesbania bispinosa,beneficial,nitrogen_fixation,scientific,Sesbania fixes nitrogen and is slashed as green manure between cane rows,Not independently verified in this pass — evidence_level as originally assigned by domain-knowledge estimate. See DATA_PROVENANCE.md.,
Solanum tuberosum,Tanacetum vulgare,beneficial,pest_repulsion,traditional,Tansy repels Colorado potato beetle,Not independently verified in this pass — evidence_level as originally assigned by domain-knowledge estimate. See DATA_PROVENANCE.md.,
Allium porrum,Apium graveolens,beneficial,pest_repulsion,traditional,Leek repels carrot fly; celery repels leek moth,Not independently verified in this pass — evidence_level as originally assigned by domain-knowledge estimate. See DATA_PROVENANCE.md.,
Cucumis sativus,Phaseolus vulgaris,beneficial,root_complementarity,traditional,Beans fix nitrogen for cucumbers; different root depths avoid competition,Not independently verified in this pass — evidence_level as originally assigned by domain-knowledge estimate. See DATA_PROVENANCE.md.,
Capsicum annuum,Ocimum basilicum,beneficial,pest_repulsion,traditional,Basil repels aphids and spider mites from peppers,Not independently verified in this pass — evidence_level as originally assigned by domain-knowledge estimate. See DATA_PROVENANCE.md.,
Glycine max,Zea mays,beneficial,nitrogen_fixation,scientific,Soybean-maize intercrop is one of the most studied polyculture systems globally,Not independently verified in this pass — evidence_level as originally assigned by domain-knowledge estimate. See DATA_PROVENANCE.md.,
Triticum aestivum,Vicia sativa,beneficial,nitrogen_fixation,scientific,Common vetch intercrop increases wheat yield and soil nitrogen,Not independently verified in this pass — evidence_level as originally assigned by domain-knowledge estimate. See DATA_PROVENANCE.md.,
Hordeum vulgare,Trifolium subterraneum,beneficial,nitrogen_fixation,scientific,Subterranean clover fixes nitrogen under barley without competing for light,Not independently verified in this pass — evidence_level as originally assigned by domain-knowledge estimate. See DATA_PROVENANCE.md.,
Solanum lycopersicum,Solanum tuberosum,antagonistic,allelopathy,scientific,Both are Solanaceae — share blight pathogens; never plant together,"Not independently re-verified via literature search this pass, but this is well-established plant pathology — shared susceptibility to Phytophthora infestans (late blight) and other Solanaceae-specific pathogens is textbook-level, not a contested claim. 'Scientific' label is reasonable to retain.",
Allium cepa,Allium sativum,neutral,root_complementarity,traditional,Same genus means similar pests — slight companion benefit from smell masking,Not independently verified in this pass — evidence_level as originally assigned by domain-knowledge estimate. See DATA_PROVENANCE.md.,
Phaseolus vulgaris,Allium cepa,antagonistic,allelopathy,scientific,Onion allicin inhibits bean root development; keep separated,"FLAGGED — labelled 'scientific' but this specific onion-inhibits-bean claim is commonly repeated in gardening/companion-planting folklore rather than a settled, robustly-replicated research finding. Not independently confirmed in this pass. Recommend downgrading evidence_level to 'traditional' pending a dedicated literature check, or removing if no primary source is found.",
Foeniculum vulgare,Solanum lycopersicum,antagonistic,allelopathy,traditional,Fennel exudes chemicals toxic to most vegetables including tomatoes,Not independently verified in this pass — evidence_level as originally assigned by domain-knowledge estimate. See DATA_PROVENANCE.md.,
