species,common_name,family,functional_group,root_depth_class,root_depth_cm_min,root_depth_cm_max,nitrogen_role,nitrogen_fixation,growth_habit,canopy_type,leaf_area_class,allelopathic,pest_repellent,predator_attracting,drought_tolerance,shade_tolerance,water_demand,frost_hardy,optimal_ph_min,optimal_ph_max,optimal_temp_min_c,optimal_temp_max_c,days_to_maturity_min,days_to_maturity_max,notes,trait_source,source_url,general_reference_url
Zea mays,Maize / Corn,Poaceae,cereal,deep,100,170,consumer,FALSE,upright,tall_open,high,FALSE,FALSE,FALSE,medium,low,medium,FALSE,5.8,7.0,18,32,60,100,Heavy nitrogen feeder. Classic Three Sisters anchor crop.,"General agronomic reference (extension services, standard crop databases) — not individually source-verified in this pass. See DATA_PROVENANCE.md. Root depth (100-170cm, corrected from 100-200cm/deep): FAO-56 Table 22 (Allen et al. 1998), matched as 'Maize, Field (grain)'.",https://www.fao.org/4/x0490e/x0490e0e.htm,https://pfaf.org/user/Plant.aspx?LatinName=Zea+mays
Phaseolus vulgaris,Common Bean,Fabaceae,legume,medium,60,90,fixer,TRUE,climbing,low_spreading,medium,FALSE,FALSE,FALSE,low,medium,medium,FALSE,6.0,7.5,16,30,50,70,Fixes 20-85 kg N/ha/year (published range narrower than commonly assumed). Climbs maize stalks in Three Sisters.,"N-fixation: Dakora & Keya (1997); Unkovich & Pate (2000). Other traits: general agronomic reference, not individually source-verified. Root depth (60-90cm, corrected from 30-60cm/shallow): FAO-56 Table 22 (Allen et al. 1998), matched as 'Beans, dry and Pulses'.",https://open.clemson.edu/cgi/viewcontent.cgi?article=1017&context=forestry_env_pub,https://pfaf.org/user/Plant.aspx?LatinName=Phaseolus+vulgaris
Cucurbita pepo,Pumpkin / Squash,Cucurbitaceae,cucurbit,medium,60,120,neutral,FALSE,spreading,low_spreading,very_high,FALSE,FALSE,FALSE,medium,medium,high,FALSE,5.5,7.5,18,35,50,100,Dense canopy suppresses weeds and retains soil moisture.,"General agronomic reference (extension services, standard crop databases) — not individually source-verified in this pass. See DATA_PROVENANCE.md.",,https://pfaf.org/user/Plant.aspx?LatinName=Cucurbita+pepo
Triticum aestivum,Bread Wheat,Poaceae,cereal,medium,60,150,consumer,FALSE,upright,tall_open,medium,FALSE,FALSE,FALSE,medium,low,medium,TRUE,6.0,7.5,12,25,90,120,Major global staple. Pairs well with clover understorey.,"General agronomic reference (extension services, standard crop databases) — not individually source-verified in this pass. See DATA_PROVENANCE.md.",,https://pfaf.org/user/Plant.aspx?LatinName=Triticum+aestivum
Trifolium repens,White Clover,Fabaceae,legume,medium,60,90,fixer,TRUE,spreading,low_spreading,medium,FALSE,FALSE,TRUE,medium,high,medium,TRUE,5.5,7.0,8,25,60,90,Fixes 45-210 kg N/ha/year depending on management and fertiliser input. Attracts beneficial insects. Suppresses weeds.,"N-fixation: multiple field trials, Plant and Soil journal (Ledgard et al.; various 15N dilution studies, 1994-2014). Other traits: general agronomic reference. Root depth (60-90cm, corrected from 20-40cm/shallow): FAO-56 Table 22 (Allen et al. 1998), matched as 'Clover hay, Berseem [genus-level proxy]'.",https://link.springer.com/article/10.1007/s11104-014-2199-1,https://pfaf.org/user/Plant.aspx?LatinName=Trifolium+repens
Oryza sativa,Rice,Poaceae,cereal,medium,50,100,consumer,FALSE,upright,tall_open,high,FALSE,FALSE,FALSE,low,medium,very_high,FALSE,5.0,6.5,20,35,100,180,Flooded paddy system. Pairs with Azolla for nitrogen fixation.,"General agronomic reference (extension services, standard crop databases) — not individually source-verified in this pass. See DATA_PROVENANCE.md. Root depth (50-100cm, corrected from 20-50cm/shallow): FAO-56 Table 22 (Allen et al. 1998), matched as 'Rice'.",https://www.fao.org/4/x0490e/x0490e0e.htm,https://pfaf.org/user/Plant.aspx?LatinName=Oryza+sativa
Azolla pinnata,Water Fern,Salviniaceae,fern,shallow,5,10,fixer,TRUE,spreading,low_spreading,high,FALSE,FALSE,FALSE,low,high,very_high,FALSE,4.5,7.0,15,30,30,45,Fixes 40-80 kg N/ha/year in flooded conditions. Rice paddy companion.,"N-fixation (30-110 kg N/ha/crop, claimed 40-80 within range): IRRI Rice Knowledge Bank; Ventura & Watanabe (1993), Biology and Fertility of Soils. Other traits: general agronomic reference.",https://link.springer.com/article/10.1007/BF00337207,https://pfaf.org/user/Plant.aspx?LatinName=Azolla+pinnata
Solanum lycopersicum,Tomato,Solanaceae,vegetable,medium,60,150,consumer,FALSE,upright,medium_open,high,FALSE,FALSE,FALSE,medium,low,medium,FALSE,6.0,6.8,18,30,60,85,Heavy feeder. Susceptible to nematodes — pair with marigold.,"General agronomic reference (extension services, standard crop databases) — not individually source-verified in this pass. See DATA_PROVENANCE.md. Root depth confirmed: FAO-56 Table 22 — Tomato: 0.7-1.5m — close match to existing 60-150cm claim.",https://www.fao.org/4/x0490e/x0490e0e.htm,https://pfaf.org/user/Plant.aspx?LatinName=Solanum+lycopersicum
Ocimum basilicum,Sweet Basil,Lamiaceae,herb,shallow,20,40,neutral,FALSE,upright,low_spreading,medium,FALSE,TRUE,FALSE,low,medium,medium,FALSE,6.0,7.0,18,32,30,60,Volatile oils repel aphids thrips and whitefly from tomatoes and peppers.,"General agronomic reference (extension services, standard crop databases) — not individually source-verified in this pass. See DATA_PROVENANCE.md.",,https://pfaf.org/user/Plant.aspx?LatinName=Ocimum+basilicum
Tagetes erecta,African Marigold,Asteraceae,flower,shallow,20,40,neutral,FALSE,upright,medium_open,medium,TRUE,TRUE,TRUE,medium,low,low,FALSE,5.5,7.5,15,32,45,70,Alpha-terthienyl exudate suppresses root nematodes. Attracts hoverflies.,"General agronomic reference (extension services, standard crop databases) — not individually source-verified in this pass. See DATA_PROVENANCE.md.",,https://pfaf.org/user/Plant.aspx?LatinName=Tagetes+erecta
Brassica oleracea,Cabbage / Brassica,Brassicaceae,vegetable,shallow,30,60,consumer,FALSE,rosette,low_spreading,high,FALSE,FALSE,FALSE,low,medium,medium,TRUE,6.0,7.5,10,22,60,120,Susceptible to cabbage white butterfly. Pair with garlic or dill.,"General agronomic reference (extension services, standard crop databases) — not individually source-verified in this pass. See DATA_PROVENANCE.md.",,https://pfaf.org/user/Plant.aspx?LatinName=Brassica+oleracea
Allium sativum,Garlic,Amaryllidaceae,allium,shallow,20,40,neutral,FALSE,upright,low_upright,low,FALSE,TRUE,FALSE,medium,low,low,TRUE,6.0,7.5,8,25,180,240,Allicin compounds repel a broad range of insect pests and fungal diseases.,"General agronomic reference (extension services, standard crop databases) — not individually source-verified in this pass. See DATA_PROVENANCE.md. Root depth confirmed: FAO-56 Table 22 — Garlic: 0.3-0.5m — close match to existing 20-40cm claim.",https://www.fao.org/4/x0490e/x0490e0e.htm,https://pfaf.org/user/Plant.aspx?LatinName=Allium+sativum
Petroselinum crispum,Parsley,Apiaceae,herb,medium,40,80,neutral,FALSE,rosette,low_spreading,medium,FALSE,FALSE,TRUE,low,medium,medium,TRUE,5.5,7.0,10,24,70,90,Umbel flowers attract predatory wasps parasitising aphids and caterpillars.,"General agronomic reference (extension services, standard crop databases) — not individually source-verified in this pass. See DATA_PROVENANCE.md.",,https://pfaf.org/user/Plant.aspx?LatinName=Petroselinum+crispum
Daucus carota,Carrot,Apiaceae,root_vegetable,medium,50,100,neutral,FALSE,rosette,low_spreading,medium,FALSE,FALSE,TRUE,medium,medium,medium,TRUE,6.0,6.8,8,24,70,80,"Medium-depth taproot (50-100cm). Still meaningfully deeper than shallow-rooted onion (20-40cm) — root zone complementarity holds, though not as pronounced as 'deep' vs 'shallow' would suggest.","General agronomic reference (extension services, standard crop databases) — not individually source-verified in this pass. See DATA_PROVENANCE.md. Root depth (50-100cm, corrected from 100-200cm/deep): FAO-56 Table 22 (Allen et al. 1998), matched as 'Carrots'.",https://www.fao.org/4/x0490e/x0490e0e.htm,https://pfaf.org/user/Plant.aspx?LatinName=Daucus+carota
Allium cepa,Onion,Amaryllidaceae,allium,shallow,20,40,neutral,FALSE,upright,low_upright,low,FALSE,TRUE,FALSE,medium,low,low,TRUE,6.0,7.5,10,28,100,175,Shallow fibrous roots complement deep carrot taproot. Scent masks carrot fly.,"General agronomic reference (extension services, standard crop databases) — not individually source-verified in this pass. See DATA_PROVENANCE.md.",,https://pfaf.org/user/Plant.aspx?LatinName=Allium+cepa
Allium porrum,Leek,Amaryllidaceae,allium,shallow,25,50,neutral,FALSE,upright,low_upright,low,FALSE,TRUE,FALSE,medium,low,medium,TRUE,6.0,7.5,8,24,120,180,Scent repels carrot fly. Pairs with celery for mutual pest confusion.,"General agronomic reference (extension services, standard crop databases) — not individually source-verified in this pass. See DATA_PROVENANCE.md.",,https://pfaf.org/user/Plant.aspx?LatinName=Allium+porrum
Apium graveolens,Celery,Apiaceae,vegetable,shallow,30,50,neutral,FALSE,upright,medium_open,medium,FALSE,FALSE,TRUE,low,medium,high,FALSE,6.0,7.0,15,24,100,140,Repels leek moth. Attracts beneficial parasitic wasps via umbel flowers.,"General agronomic reference (extension services, standard crop databases) — not individually source-verified in this pass. See DATA_PROVENANCE.md. Root depth (30-50cm, corrected from 40-80cm/medium): FAO-56 Table 22 (Allen et al. 1998), matched as 'Celery'.",https://www.fao.org/4/x0490e/x0490e0e.htm,https://pfaf.org/user/Plant.aspx?LatinName=Apium+graveolens
Foeniculum vulgare,Fennel,Apiaceae,herb,deep,80,150,neutral,FALSE,upright,tall_open,medium,TRUE,FALSE,FALSE,high,low,low,FALSE,5.5,7.5,15,30,90,115,ALLELOPATHIC — inhibits growth of most vegetables. Grow in isolation.,"General agronomic reference (extension services, standard crop databases) — not individually source-verified in this pass. See DATA_PROVENANCE.md.",,https://pfaf.org/user/Plant.aspx?LatinName=Foeniculum+vulgare
Vicia faba,Broad Bean,Fabaceae,legume,medium,60,120,fixer,TRUE,upright,medium_open,medium,FALSE,FALSE,FALSE,medium,medium,medium,TRUE,6.0,7.5,5,20,90,130,"Fixes 70-110 kg N/ha/year (published point estimate ~92 kg N/ha, Unkovich & Pate 2000). Strong legume fixer.","N-fixation: Unkovich & Pate (2000). Other traits: general agronomic reference, not individually source-verified.",https://open.clemson.edu/cgi/viewcontent.cgi?article=1017&context=forestry_env_pub,https://pfaf.org/user/Plant.aspx?LatinName=Vicia+faba
Medicago sativa,Alfalfa / Lucerne,Fabaceae,legume,deep,120,300,fixer,TRUE,upright,medium_open,medium,FALSE,FALSE,TRUE,high,medium,medium,TRUE,6.5,7.5,10,28,60,70,Very deep roots break hardpan. Fixes up to 300 kg N/ha/year. Perennial.,"N-fixation (141-300 kg N/ha, avg 218): Yang et al., ScienceDirect (2010) Canadian legume N-fixation review. Other traits: general agronomic reference, not individually source-verified. Root depth confirmed: FAO-56 Table 22 — Alfalfa for seed: 1.0-3.0m — matches existing 120-300cm claim.",https://www.sciencedirect.com/science/article/abs/pii/S0167880910000381,https://pfaf.org/user/Plant.aspx?LatinName=Medicago+sativa
Sorghum bicolor,Sorghum,Poaceae,cereal,deep,100,200,consumer,FALSE,upright,tall_open,high,FALSE,FALSE,FALSE,very_high,low,low,FALSE,5.5,7.5,20,38,90,130,Extremely drought tolerant. Heavy nitrogen consumer but deep roots improve soil.,"General agronomic reference (extension services, standard crop databases) — not individually source-verified in this pass. See DATA_PROVENANCE.md. Root depth confirmed: FAO-56 Table 22 — Sorghum, grain: 1.0-2.0m — exact match to existing 100-200cm claim.",https://www.fao.org/4/x0490e/x0490e0e.htm,https://pfaf.org/user/Plant.aspx?LatinName=Sorghum+bicolor
Vigna unguiculata,Cowpea,Fabaceae,legume,medium,60,120,fixer,TRUE,spreading,low_spreading,medium,FALSE,FALSE,FALSE,high,medium,low,FALSE,5.5,7.0,25,38,55,80,Drought tolerant legume. Fixes 60-120 kg N/ha. Excellent semi-arid companion.,"N-fixation (24-201 kg N/ha): Dakora & Keya (1997), cited in Clemson Univ. nitrogen fixation review. Other traits: general agronomic reference, not individually source-verified.",https://open.clemson.edu/cgi/viewcontent.cgi?article=1017&context=forestry_env_pub,https://pfaf.org/user/Plant.aspx?LatinName=Vigna+unguiculata
Musa,Banana,Musaceae,fruit_tree,medium,60,100,neutral,FALSE,upright,tall_open,very_high,FALSE,FALSE,FALSE,low,medium,very_high,FALSE,5.5,7.0,22,35,270,365,Provides shade for shade-demanding crops. Matches coffee light requirements.,"General agronomic reference (extension services, standard crop databases) — not individually source-verified in this pass. See DATA_PROVENANCE.md.",,https://pfaf.org/user/Plant.aspx?LatinName=Musa
Coffea arabica,Coffee,Rubiaceae,shrub,deep,90,150,neutral,FALSE,upright,medium_open,medium,FALSE,FALSE,FALSE,medium,high,medium,FALSE,6.0,6.5,18,24,730,1095,Requires dappled shade — 30-50% shade ideal. Pairs with banana or Grevillea.,"General agronomic reference (extension services, standard crop databases) — not individually source-verified in this pass. See DATA_PROVENANCE.md. Root depth (90-150cm, corrected from 50-100cm/medium): FAO-56 Table 22 (Allen et al. 1998), matched as 'Coffee'.",https://www.fao.org/4/x0490e/x0490e0e.htm,https://pfaf.org/user/Plant.aspx?LatinName=Coffea+arabica
Carica papaya,Papaya,Caricaceae,fruit_tree,shallow,30,60,neutral,FALSE,upright,tall_open,high,FALSE,FALSE,FALSE,medium,low,medium,FALSE,5.5,7.0,22,35,180,270,Shallow roots. Alley cropping with groundnut provides nitrogen below.,"General agronomic reference (extension services, standard crop databases) — not individually source-verified in this pass. See DATA_PROVENANCE.md.",,https://pfaf.org/user/Plant.aspx?LatinName=Carica+papaya
Arachis hypogaea,Groundnut / Peanut,Fabaceae,legume,medium,50,100,fixer,TRUE,spreading,low_spreading,medium,FALSE,FALSE,FALSE,medium,low,medium,FALSE,5.9,7.0,24,33,90,120,Fixes 30-175 kg N/ha/year (variable). Fixes nitrogen below papaya canopy. Pods form underground — no root competition.,"N-fixation: Dakora & Keya (1997). Other traits: general agronomic reference, not individually source-verified. Root depth (50-100cm, corrected from 30-60cm/shallow): FAO-56 Table 22 (Allen et al. 1998), matched as 'Groundnut (Peanut)'.",https://open.clemson.edu/cgi/viewcontent.cgi?article=1017&context=forestry_env_pub,https://pfaf.org/user/Plant.aspx?LatinName=Arachis+hypogaea
Manihot esculenta,Cassava,Euphorbiaceae,root_vegetable,medium,70,100,consumer,FALSE,upright,medium_open,medium,FALSE,FALSE,FALSE,very_high,low,low,FALSE,5.0,7.0,22,38,240,365,"Extremely drought tolerant. Medium-depth starchy roots (70-100cm, corrected from an earlier overestimate). Heavy potassium consumer.","General agronomic reference (extension services, standard crop databases) — not individually source-verified in this pass. See DATA_PROVENANCE.md. Root depth (70-100cm, corrected from 100-200cm/deep): FAO-56 Table 22 (Allen et al. 1998), matched as 'Cassava (year 2)'.",https://www.fao.org/4/x0490e/x0490e0e.htm,https://pfaf.org/user/Plant.aspx?LatinName=Manihot+esculenta
Cajanus cajan,Pigeon Pea,Fabaceae,legume,deep,100,250,fixer,TRUE,upright,medium_open,medium,FALSE,FALSE,FALSE,very_high,low,low,FALSE,5.0,7.0,20,35,150,200,Deep roots break cassava hardpan. Fixes 60-200 kg N/ha. Drought hardy.,"N-fixation (high %Ndfa confirmed, exact kg/ha range from broader legume literature, not pinned to single study): Agroforestry Systems (2026) pigeon pea-cassava N-transfer study. Other traits: general agronomic reference.",https://link.springer.com/article/10.1007/s10457-026-01520-9,https://pfaf.org/user/Plant.aspx?LatinName=Cajanus+cajan
Saccharum officinarum,Sugarcane,Poaceae,grass,deep,100,180,consumer,FALSE,upright,tall_open,very_high,FALSE,FALSE,FALSE,medium,low,very_high,FALSE,5.5,7.5,20,38,270,365,Very high water and nitrogen demand. Sesbania alley crop provides N and biomass.,"General agronomic reference (extension services, standard crop databases) — not individually source-verified in this pass. See DATA_PROVENANCE.md.",,https://pfaf.org/user/Plant.aspx?LatinName=Saccharum+officinarum
Sesbania bispinosa,Sesbania,Fabaceae,legume,medium,60,120,fixer,TRUE,upright,medium_open,medium,FALSE,FALSE,FALSE,medium,medium,medium,FALSE,5.0,7.5,20,38,90,120,"Fast-growing nitrogen fixer, ~55-90 kg N/ha/year (measured in related species S. rostrata; S. bispinosa not independently measured). Slashed as green manure between sugarcane rows.","N-fixation (related species S. rostrata): Ventura & Watanabe (1993), Biology and Fertility of Soils. Other traits: general agronomic reference.",https://link.springer.com/article/10.1007/BF00337207,https://pfaf.org/user/Plant.aspx?LatinName=Sesbania+bispinosa
Solanum tuberosum,Potato,Solanaceae,root_vegetable,shallow,40,60,consumer,FALSE,spreading,low_spreading,high,FALSE,FALSE,FALSE,medium,low,medium,TRUE,4.8,6.5,10,20,70,120,Solanaceae — shares blight with tomato. Never plant together.,"General agronomic reference (extension services, standard crop databases) — not individually source-verified in this pass. See DATA_PROVENANCE.md. Root depth (40-60cm, corrected from 40-80cm/medium): FAO-56 Table 22 (Allen et al. 1998), matched as 'Potato'.",https://www.fao.org/4/x0490e/x0490e0e.htm,https://pfaf.org/user/Plant.aspx?LatinName=Solanum+tuberosum
Tanacetum vulgare,Tansy,Asteraceae,herb,medium,40,80,neutral,FALSE,upright,medium_open,medium,FALSE,TRUE,FALSE,medium,low,low,TRUE,5.5,7.0,10,28,90,100,Strong-scented. Repels Colorado potato beetle ants and flying insects.,"General agronomic reference (extension services, standard crop databases) — not individually source-verified in this pass. See DATA_PROVENANCE.md.",,https://pfaf.org/user/Plant.aspx?LatinName=Tanacetum+vulgare
Lavandula angustifolia,Lavender,Lamiaceae,herb,medium,50,100,neutral,FALSE,upright,medium_open,low,FALSE,TRUE,TRUE,very_high,low,very_low,TRUE,6.0,8.0,10,30,180,365,Attracts hoverflies and bees. Repels aphids. Drought tolerant Mediterranean herb.,"General agronomic reference (extension services, standard crop databases) — not individually source-verified in this pass. See DATA_PROVENANCE.md.",,https://pfaf.org/user/Plant.aspx?LatinName=Lavandula+angustifolia
Helianthus annuus,Sunflower,Asteraceae,flower,deep,100,200,neutral,FALSE,upright,tall_open,high,FALSE,FALSE,TRUE,high,low,medium,FALSE,6.0,7.5,18,32,60,90,Deep taproot. Provides structural support for climbing plants. Allelopathic to some.,"General agronomic reference (extension services, standard crop databases) — not individually source-verified in this pass. See DATA_PROVENANCE.md.",,https://pfaf.org/user/Plant.aspx?LatinName=Helianthus+annuus
Cucurbita maxima,Winter Squash,Cucurbitaceae,cucurbit,medium,60,120,neutral,FALSE,spreading,low_spreading,very_high,FALSE,FALSE,FALSE,medium,medium,high,FALSE,5.5,7.5,18,35,80,110,Massive canopy. Excellent ground cover suppressing weeds between tall companions.,"General agronomic reference (extension services, standard crop databases) — not individually source-verified in this pass. See DATA_PROVENANCE.md.",,https://pfaf.org/user/Plant.aspx?LatinName=Cucurbita+maxima
Capsicum annuum,Bell Pepper / Chilli,Solanaceae,vegetable,medium,50,100,consumer,FALSE,upright,medium_open,medium,FALSE,FALSE,FALSE,medium,low,medium,FALSE,6.0,6.8,18,30,60,90,Solanaceae. Nitrogen consumer. Basil and marigold companions repel aphids.,"General agronomic reference (extension services, standard crop databases) — not individually source-verified in this pass. See DATA_PROVENANCE.md. Root depth (50-100cm, corrected from 50-80cm/medium): FAO-56 Table 22 (Allen et al. 1998), matched as 'Sweet Peppers (bell)'.",https://www.fao.org/4/x0490e/x0490e0e.htm,https://pfaf.org/user/Plant.aspx?LatinName=Capsicum+annuum
Glycine max,Soybean,Fabaceae,legume,medium,60,130,fixer,TRUE,upright,medium_open,high,FALSE,FALSE,FALSE,medium,low,medium,FALSE,6.0,7.0,20,30,80,120,Fixes 60-90 kg N/ha. Most studied legume in intercrop systems globally.,"N-fixation (15-142 kg N/ha, consistent with claimed 60-90): Dakora & Keya (1997); Unkovich & Pate (2000). Other traits: general agronomic reference, not individually source-verified. Root depth (60-130cm, corrected from 60-150cm/medium): FAO-56 Table 22 (Allen et al. 1998), matched as 'Soybeans'.",https://www.fao.org/4/x0490e/x0490e0e.htm,https://pfaf.org/user/Plant.aspx?LatinName=Glycine+max
Hordeum vulgare,Barley,Poaceae,cereal,deep,100,150,consumer,FALSE,upright,tall_open,medium,FALSE,FALSE,FALSE,medium,low,medium,TRUE,6.0,7.5,10,22,70,90,Cool-season cereal. Subterranean clover understorey provides nitrogen.,"General agronomic reference (extension services, standard crop databases) — not individually source-verified in this pass. See DATA_PROVENANCE.md. Root depth (100-150cm, corrected from 60-120cm/medium): FAO-56 Table 22 (Allen et al. 1998), matched as 'Barley'.",https://www.fao.org/4/x0490e/x0490e0e.htm,https://pfaf.org/user/Plant.aspx?LatinName=Hordeum+vulgare
Trifolium subterraneum,Subterranean Clover,Fabaceae,legume,shallow,20,40,fixer,TRUE,spreading,low_spreading,low,FALSE,FALSE,TRUE,medium,high,medium,TRUE,5.0,7.0,5,22,90,120,Self-burying seeds. Fixes nitrogen under barley canopy without competing for light.,"N-fixation (23-34 kg N per tonne shoot biomass, a biomass-normalized rate not a direct kg/ha/yr figure): Dear et al. (1999), Australian Journal of Agricultural Research. Other traits: general agronomic reference.",https://www.publish.csiro.au/cp/ar98186,https://pfaf.org/user/Plant.aspx?LatinName=Trifolium+subterraneum
Rosa,Rose,Rosaceae,flower,medium,50,100,neutral,FALSE,upright,medium_open,medium,FALSE,FALSE,FALSE,medium,low,medium,TRUE,6.0,7.0,10,28,365,365,Perennial ornamental. Garlic companion reduces aphids and black spot fungus.,"General agronomic reference (extension services, standard crop databases) — not individually source-verified in this pass. See DATA_PROVENANCE.md.",,https://pfaf.org/user/Plant.aspx?LatinName=Rosa
Vicia sativa,Common Vetch,Fabaceae,legume,medium,60,100,fixer,TRUE,climbing,low_spreading,medium,FALSE,FALSE,FALSE,medium,medium,medium,TRUE,5.5,7.0,8,22,60,90,Winter-hardy climbing legume. Wheat intercrop increases yield and soil N.,"N-fixation: genus-level estimate only, extrapolated from Vicia faba (Unkovich & Pate 2000) — species-specific rate for V. sativa not independently located in this verification pass. Other traits: general agronomic reference.",,https://pfaf.org/user/Plant.aspx?LatinName=Vicia+sativa
