From-en,From-fi,To-en,To-fi,Category,Type,Tags,Description
Southernwood,Aaprottimaruna,Apricot,Aprikoosi,No,One-way Help,,
Catnip,Aitokissanminttu,Potato,Peruna,No,One-way Help,,
Catnip,Aitokissanminttu,Lavender,Laventeli,No,One-way Help,,
Catnip,Aitokissanminttu,Rosemary,Rosmariini,No,One-way Help,,
Catnip,Aitokissanminttu,Sage,Salvia,No,One-way Help,,
Catnip,Aitokissanminttu,Mint,Minttu,No,One-way Help,,
Sunflower,Auringonkukka,Apricot,Aprikoosi,No,One-way Help,,
Sunflower,Auringonkukka,Bush beans,Bushinpavut,No,One-way Help,,
Sunflower,Auringonkukka,Sprout,Ruusukaali,No,One-way Help,,
Sunflower,Auringonkukka,Cucumber,Kurkku,No,Mutual,,
Sunflower,Auringonkukka,Pumpkin,Kurpitsa,No,Mutual,,
Basil,Basilika,Apricot,Aprikoosi,No,One-way Help,,
Basil,Basilika,Asparagus,Parsa,No,Mutual,,
Basil,Basilika,Cucumber,Kurkku,No,Mutual,,
Basil,Basilika,Eggplant,Munakoiso,No,Mutual,,
Basil,Basilika,Fennel,Fenkoli,No,Mutual,,
Basil,Basilika,Vine,Viiniköynnös,No,Mutual,,
Basil,Basilika,Peach,Persikkapuu,No,One-way Help,,
Basil,Basilika,Tomato,Tomaatti,No,Mutual,,
Chili,Chilli,Carrot,Porkkana,No,One-way Help,,
Chili,Chilli,Eggplant,Munakoiso,No,One-way Help,,
Chili,Chilli,Tomato,Tomaatti,No,One-way Help,,
Fennel,Fenkoli,Basil,Basilika,No,Mutual,,
Fennel,Fenkoli,Dill,Tilli,No,Mutual,,
Fennel,Fenkoli,Kohlrabi,Kohlrabi,No,Mutual,,
Fennel,Fenkoli,Wormwood,Koiruoho,No,Mutual,,
Peas,Herneet,Beans,Pavut,No,Mutual,,
Peas,Herneet,Beetroot,Punajuuri,No,Mutual,,
Peas,Herneet,Burdock,Purasruoho,No,Mutual,,
Peas,Herneet,Broccoli,Parsakaali,No,One-way Help,,
Peas,Herneet,Sprout,Ruusukaali,No,One-way Help,,
Peas,Herneet,Cabbages,Kaalit,No,Mutual,,
Peas,Herneet,Carrot,Porkkana,No,Mutual,,
Peas,Herneet,Cauliflower,Kukkakaali,No,One-way Help,,
Peas,Herneet,Celery,Selleri,No,Mutual,,
Peas,Herneet,Corn,Maissi,No,Mutual,,
Peas,Herneet,Cucumber,Kurkku,No,Mutual,,
Peas,Herneet,Salad,Salaattia,No,Mutual,,
Peas,Herneet,Liperi,Liperi,No,Mutual,,
Peas,Herneet,Marjoram,Meirami,No,Mutual,,
Peas,Herneet,Parsnip,Palsternakka,No,Mutual,,
Peas,Herneet,Potato,Peruna,No,Mutual,,
Peas,Herneet,Radish,Retiisi,No,Mutual,,
Peas,Herneet,Raspberry,Vadelma,No,Mutual,,
Peas,Herneet,Sage,Salvia,No,Mutual,,
Peas,Herneet,Pumpkin,Kurpitsa,No,Mutual,,
Peas,Herneet,Turnip,Nauris,No,Mutual,,
Fruit trees,Hedelmäpuut,Chives,Ruohosipuli,No,Mutual,,
Fruit trees,Hedelmäpuut,Pot Marigold,Kehäkukka,No,Mutual,,
Fruit trees,Hedelmäpuut,Garlic,Valkosipuli,No,Mutual,,
Fruit trees,Hedelmäpuut,Horseradish,Piparjuuri,No,Mutual,,
Fruit trees,Hedelmäpuut,Lemon balm,Sitruunamelissa,No,Mutual,,
Fruit trees,Hedelmäpuut,Mustard,Sinappi,No,Mutual,,
Fruit trees,Hedelmäpuut,Cress,Krassi,No,One-way Help,,
Fruit trees,Hedelmäpuut,Silverbeet,Mangoldi,No,Mutual,,
Fruit trees,Hedelmäpuut,Spinach,Pinaatti,No,Mutual,,
Fruit trees,Hedelmäpuut,St. John's wort,Pietaryrtti,No,Mutual,,
Fruit trees,Hedelmäpuut,Yarrow,Siankärsämö,No,Mutual,,
Hyssop,Iisoppi,Vine,Viiniköynnös,No,Mutual,,
Hyssop,Iisoppi,Radish,Retiisi,No,Mutual,,
Hyssop,Iisoppi,Rose,Ruusu,No,Mutual,,
Hyssop,Iisoppi,Tomato,Tomaatti,No,Mutual,,
CABBAGES,KAALIT,Beans,Pavut,Yes,Mutual,,
CABBAGES,KAALIT,Broad bean,Härkäpapu,Yes,One-way Help,,
CABBAGES,KAALIT,Bush beans,Bushinpavut,Yes,One-way Help,,
CABBAGES,KAALIT,Climbing bean,Kiipeilypapu,Yes,One-way Help,,
CABBAGES,KAALIT,Beetroot,Punajuuri,Yes,Mutual,,
CABBAGES,KAALIT,Burdock,Purasruoho,Yes,Mutual,,
CABBAGES,KAALIT,Chamomile,Kamomilla,Yes,One-way Help,,
CABBAGES,KAALIT,Celery,Selleri,Yes,Mutual,,
CABBAGES,KAALIT,Coriander,Korianteri,Yes,Mutual,,
CABBAGES,KAALIT,Cucumber,Kurkku,Yes,Mutual,,
CABBAGES,KAALIT,Dill,Tilli,Yes,Mutual,,
CABBAGES,KAALIT,Garlic,Valkosipuli,Yes,Mutual,,
CABBAGES,KAALIT,Lavender,Laventeli,Yes,Mutual,,
CABBAGES,KAALIT,Salad,Salaattia,Yes,Mutual,,
CABBAGES,KAALIT,Liperi,Liperi,Yes,Mutual,,
CABBAGES,KAALIT,Pot Marigold,Kehäkukka,Yes,Mutual,,
CABBAGES,KAALIT,Marjoram,Meirami,Yes,Mutual,,
CABBAGES,KAALIT,Mint,Minttu,Yes,Mutual,,
CABBAGES,KAALIT,Cress,Krassi,Yes,One-way Help,,
CABBAGES,KAALIT,Onion,Sipuli,Yes,One-way Help,,
CABBAGES,KAALIT,Peas,Herneet,Yes,Mutual,,
CABBAGES,KAALIT,Pennyroyal,Pennyroyal,Yes,One-way Help,,
CABBAGES,KAALIT,Potato,Peruna,Yes,Mutual,,
CABBAGES,KAALIT,Rosemary,Rosmariini,Yes,Mutual,,
CABBAGES,KAALIT,Sage,Salvia,Yes,Mutual,,
CABBAGES,KAALIT,Thyme,Timjami,Yes,Mutual,,
Cabbage,Kaali,Beans,Pavut,No,One-way Help,,
Cabbage,Kaali,Broad bean,Härkäpapu,No,One-way Help,,
Cabbage,Kaali,Bush beans,Bushinpavut,No,One-way Help,,
Cabbage,Kaali,Climbing bean,Kiipeilypapu,No,One-way Help,,
Cabbage,Kaali,Beetroot,Punajuuri,No,One-way Help,,
Cabbage,Kaali,Burdock,Purasruoho,No,One-way Help,,
Cabbage,Kaali,Chamomile,Kamomilla,No,One-way Help,,
Cabbage,Kaali,Celery,Selleri,No,One-way Help,,
Cabbage,Kaali,Coriander,Korianteri,No,One-way Help,,
Cabbage,Kaali,Cucumber,Kurkku,No,One-way Help,,
Cabbage,Kaali,Dill,Tilli,No,One-way Help,,
Cabbage,Kaali,Garlic,Valkosipuli,No,One-way Help,,
Cabbage,Kaali,Lavender,Laventeli,No,One-way Help,,
Cabbage,Kaali,Salad,Salaattia,No,One-way Help,,
Cabbage,Kaali,Liperi,Liperi,No,One-way Help,,
Cabbage,Kaali,Pot Marigold,Kehäkukka,No,One-way Help,,
Cabbage,Kaali,Marjoram,Meirami,No,One-way Help,,
Cabbage,Kaali,Mint,Minttu,No,One-way Help,,
Cabbage,Kaali,Cress,Krassi,No,One-way Help,,
Cabbage,Kaali,Onion,Sipuli,No,One-way Help,,
Cabbage,Kaali,Peas,Herneet,No,One-way Help,,
Cabbage,Kaali,Pennyroyal,Pennyroyal,No,One-way Help,,
Cabbage,Kaali,Potato,Peruna,No,One-way Help,,
Cabbage,Kaali,Rosemary,Rosmariini,No,One-way Help,,
Cabbage,Kaali,Sage,Salvia,No,One-way Help,,
Cabbage,Kaali,Thyme,Timjami,No,One-way Help,,
Gooseberry,Karviaismarja,St. John's wort,Pietaryrtti,No,Mutual,,
Gooseberry,Karviaismarja,Tomato,Tomaatti,No,Mutual,,
Pot Marigold,Kehäkukka,Apple,Omena,No,One-way Help,,
Pot Marigold,Kehäkukka,Apricot,Aprikoosi,No,One-way Help,,
Pot Marigold,Kehäkukka,Beans,Pavut,No,Mutual,,
Pot Marigold,Kehäkukka,Broccoli,Parsakaali,No,One-way Help,,
Pot Marigold,Kehäkukka,Sprout,Ruusukaali,No,One-way Help,,
Pot Marigold,Kehäkukka,Cabbages,Kaalit,No,Mutual,,
Pot Marigold,Kehäkukka,Carrot,Porkkana,No,Mutual,,
Pot Marigold,Kehäkukka,Cauliflower,Kukkakaali,No,One-way Help,,
Pot Marigold,Kehäkukka,Cherry,Kirsikka,No,One-way Help,,
Pot Marigold,Kehäkukka,Fruit trees,Hedelmäpuut,No,Mutual,,
Pot Marigold,Kehäkukka,Kohlrabi,Kohlrabi,No,Mutual,,
Pot Marigold,Kehäkukka,Salad,Salaattia,No,Mutual,,
Pot Marigold,Kehäkukka,Mulberry,Mulperipuu,No,One-way Help,,
Pot Marigold,Kehäkukka,Peach,Persikkapuu,No,One-way Help,,
Pot Marigold,Kehäkukka,Pear tree,Päärynäpuus,No,One-way Help,,
Pot Marigold,Kehäkukka,Plums,Luumut,No,One-way Help,,
Pot Marigold,Kehäkukka,Potato,Peruna,No,Mutual,,
Pot Marigold,Kehäkukka,Raspberry,Raspberry,No,One-way Help,,
Pot Marigold,Kehäkukka,Rose,Ruusu,No,Mutual,,
Pot Marigold,Kehäkukka,Strawberry,Mansikka,No,Mutual,,
Pot Marigold,Kehäkukka,Tomato,Tomaatti,No,Mutual,,
Zucchini,Kesäkurpitsa,Sweet corn,Makeamaissi,No,One-way Help,,
Zucchini,Kesäkurpitsa,Marjoram,Meirami,No,Mutual,,
Zucchini,Kesäkurpitsa,Cress,Krassi,No,One-way Help,,
Chervil,Kirveli,Coriander,Korianteri,No,Mutual,,
Chervil,Kirveli,Dill,Tilli,No,Mutual,,
Chervil,Kirveli,Garlic,Valkosipuli,No,Mutual,,
Chervil,Kirveli,Salad,Salaattia,No,Mutual,,
Chervil,Kirveli,Parsley,Persilja,No,Mutual,,
Chervil,Kirveli,Radish,Retiisi,No,Mutual,,
Chervil,Kirveli,Yarrow,Siankärsämö,No,Mutual,,
Kohlrabi,Kohlrabi,Beetroot,Punajuuri,No,Mutual,,
Kohlrabi,Kohlrabi,Cucumber,Kurkku,No,Mutual,,
Kohlrabi,Kohlrabi,Fennel,Fenkoli,No,Mutual,,
Kohlrabi,Kohlrabi,Liperi,Liperi,No,Mutual,,
Kohlrabi,Kohlrabi,Pot Marigold,Kehäkukka,No,Mutual,,
Kohlrabi,Kohlrabi,Marjoram,Meirami,No,Mutual,,
Kohlrabi,Kohlrabi,Tomato,Tomaatti,No,Mutual,,
Wormwood,Koiruoho,Fennel,Fenkoli,No,Mutual,,
Wormwood,Koiruoho,Common Rue,Tuoksuruuta,No,Mutual,,
Wormwood,Koiruoho,Shallot,Sallottisipuli,No,One-way Help,,
Coriander,Korianteri,Broccoli,Parsakaali,No,One-way Help,,
Coriander,Korianteri,Sprout,Ruusukaali,No,One-way Help,,
Coriander,Korianteri,Cabbages,Kaalit,No,Mutual,,
Coriander,Korianteri,Carrot,Porkkana,No,Mutual,,
Coriander,Korianteri,Cauliflower,Kukkakaali,No,One-way Help,,
Coriander,Korianteri,Chervil,Kirveli,No,Mutual,,
Coriander,Korianteri,Dill,Tilli,No,Mutual,,
Coriander,Korianteri,Parsnip,Palsternakka,No,Mutual,,
Nasturtium,Koristekrassi,Apple,Omena,No,One-way Help,,
Nasturtium,Koristekrassi,Apricot,Aprikoosi,No,One-way Help,,
Nasturtium,Koristekrassi,Broccoli,Parsakaali,No,One-way Help,,
Nasturtium,Koristekrassi,Cabbages,Kaalit,No,One-way Help,,
Nasturtium,Koristekrassi,Cherry,Kirsikka,No,One-way Help,,
Nasturtium,Koristekrassi,Cucumber,Kurkku,No,One-way Help,,
Nasturtium,Koristekrassi,Fruit trees,Hedelmäpuut,No,One-way Help,,
Nasturtium,Koristekrassi,Mulberry,Mulperipuu,No,One-way Help,,
Nasturtium,Koristekrassi,Potato,Peruna,No,One-way Help,,
Nasturtium,Koristekrassi,Radish,Retiisi,No,One-way Help,,
Nasturtium,Koristekrassi,Rose,Ruusu,No,One-way Help,,
Nasturtium,Koristekrassi,Pumpkin,Kurpitsa,No,One-way Help,,
Nasturtium,Koristekrassi,Tomato,Tomaatti,No,One-way Help,,
Nasturtium,Koristekrassi,Zucchini,Kesäkurpitsa,No,One-way Help,,
Chrysanthemums,Krysanteemit,Strawberry,Mansikka,No,Mutual,,
Cucumber,Kurkku,Basil,Basilika,No,Mutual,,
Cucumber,Kurkku,Beans,Pavut,No,Mutual,,
Cucumber,Kurkku,Bush beans,Bushinpavut,No,One-way Help,,
Cucumber,Kurkku,Burdock,Purasruoho,No,Mutual,,
Cucumber,Kurkku,Broccoli,Parsakaali,No,One-way Help,,
Cucumber,Kurkku,Sprout,Ruusukaali,No,One-way Help,,
Cucumber,Kurkku,Cabbages,Kaalit,No,Mutual,,
Cucumber,Kurkku,Carrot,Porkkana,No,Mutual,,
Cucumber,Kurkku,Cauliflower,Kukkakaali,No,One-way Help,,
Cucumber,Kurkku,Sweet corn,Makeamaissi,No,One-way Help,,
Cucumber,Kurkku,Dill,Tilli,No,Mutual,,
Cucumber,Kurkku,Kohlrabi,Kohlrabi,No,Mutual,,
Cucumber,Kurkku,Salad,Salaattia,No,Mutual,,
Cucumber,Kurkku,Liperi,Liperi,No,Mutual,,
Cucumber,Kurkku,Marjoram,Meirami,No,Mutual,,
Cucumber,Kurkku,Cress,Krassi,No,One-way Help,,
Cucumber,Kurkku,Parsnip,Palsternakka,No,Mutual,,
Cucumber,Kurkku,Peas,Herneet,No,Mutual,,
Cucumber,Kurkku,Radish,Retiisi,No,Mutual,,
Cucumber,Kurkku,Sunflower,Auringonkukka,No,Mutual,,
Cucumber,Kurkku,St. John's wort,Pietaryrtti,No,Mutual,,
Pumpkins,Kurpitsat,Corn,Maissi,No,One-way Help,,
Pumpkins,Kurpitsat,Marjoram,Meirami,No,One-way Help,,
Pumpkins,Kurpitsat,Liperi,Liperi,No,One-way Help,,
Pumpkin,Kurpitsa,Corn,Maissi,No,Mutual,,
Pumpkin,Kurpitsa,Marjoram,Meirami,No,Mutual,,
Pumpkin,Kurpitsa,Liperi,Liperi,No,Mutual,,
Savory,Kynteli,Beans,Pavut,No,Mutual,,
Savory,Kynteli,Onion,Sipuli,No,One-way Help,,
Lavender,Laventeli,Cabbages,Kaalit,No,Mutual,,
Lavender,Laventeli,Garlic,Valkosipuli,No,Mutual,,
Lavender,Laventeli,Marjoram,Meirami,No,Mutual,,
Lavender,Laventeli,Rose,Ruusu,No,Mutual,,
Lavender,Laventeli,Silverbeet,Mangoldi,No,Mutual,,
Lavender,Laventeli,Strawberry,Mansikka,No,Mutual,,
Liperi,Liperi,Asparagus,Parsa,No,Mutual,,
Liperi,Liperi,Beans,Pavut,No,Mutual,,
Liperi,Liperi,Broad bean,Härkäpapu,No,One-way Help,,
Liperi,Liperi,Beetroot,Punajuuri,No,Mutual,,
Liperi,Liperi,Broccoli,Parsakaali,No,One-way Help,,
Liperi,Liperi,Sprout,Ruusukaali,No,One-way Help,,
Liperi,Liperi,Cabbages,Kaalit,No,Mutual,,
Liperi,Liperi,Carrot,Porkkana,No,Mutual,,
Liperi,Liperi,Cauliflower,Kukkakaali,No,One-way Help,,
Liperi,Liperi,Celery,Selleri,No,Mutual,,
Liperi,Liperi,Chives,Ruohosipuli,No,Mutual,,
Liperi,Liperi,Sweet corn,Makeamaissi,No,One-way Help,,
Liperi,Liperi,Cucumber,Kurkku,No,Mutual,,
Liperi,Liperi,Eggplant,Munakoiso,No,Mutual,,
Liperi,Liperi,Kohlrabi,Kohlrabi,No,Mutual,,
Liperi,Liperi,Leek,Purjo,No,Mutual,,
Liperi,Liperi,Onion,Sipuli,No,One-way Help,,
Liperi,Liperi,Parsnip,Palsternakka,No,Mutual,,
Liperi,Liperi,Peas,Herneet,No,Mutual,,
Liperi,Liperi,Potato,Peruna,No,Mutual,,
Liperi,Liperi,Pumpkin,Kurpitsa,No,Mutual,,
Liperi,Liperi,Radish,Retiisi,No,Mutual,,
Liperi,Liperi,Shallot,Sallottisipuli,No,One-way Help,,
Liperi,Liperi,Silverbeet,Mangoldi,No,Mutual,,
Liperi,Liperi,Spinach,Pinaatti,No,Mutual,,
Liperi,Liperi,Tomato,Tomaatti,No,Mutual,,
Liperi,Liperi,Turnip,Nauris,No,Mutual,,
Liperi,Liperi,Zucchini,Kesäkurpitsa,No,Mutual,,
Silverbeet,Mangoldi,Beetroot,Punajuuri,No,Mutual,,
Silverbeet,Mangoldi,Cherry,Kirsikka,No,One-way Help,,
Silverbeet,Mangoldi,Fruit trees,Hedelmäpuut,No,Mutual,,
Silverbeet,Mangoldi,Lavender,Laventeli,No,Mutual,,
Silverbeet,Mangoldi,Liperi,Liperi,No,Mutual,,
Silverbeet,Mangoldi,Marjoram,Meirami,No,Mutual,,
Silverbeet,Mangoldi,Mulberry,Mulperipuu,No,One-way Help,,
Silverbeet,Mangoldi,Onion,Sipuli,No,One-way Help,,
Corn,Maissi,Beans,Pavut,No,Mutual,,
Corn,Maissi,Broad bean,Härkäpapu,No,One-way Help,,
Corn,Maissi,Climbing bean,Kiipeilypapu,No,One-way Help,,
Corn,Maissi,Cucumber,Kurkku,No,Mutual,,
Corn,Maissi,Liperi,Liperi,No,Mutual,,
Corn,Maissi,Marjoram,Meirami,No,Mutual,,
Corn,Maissi,Parsnip,Palsternakka,No,Mutual,,
Corn,Maissi,Peas,Herneet,No,Mutual,,
Corn,Maissi,Potato,Peruna,No,Mutual,,
Corn,Maissi,Pumpkin,Kurpitsa,No,Mutual,,
Corn,Maissi,Radish,Retiisi,No,Mutual,,
Corn,Maissi,Zucchini,Kesäkurpitsa,No,Mutual,,
Strawberry,Mansikka,Bush beans,Bushinpavut,No,One-way Help,,
Strawberry,Mansikka,Sprout,Ruusukaali,No,One-way Help,,
Strawberry,Mansikka,Burdock,Purasruoho,No,Mutual,,
Strawberry,Mansikka,Chives,Ruohosipuli,No,Mutual,,
Strawberry,Mansikka,Lavender,Laventeli,No,Mutual,,
Strawberry,Mansikka,Leek,Purjo,No,Mutual,,
Strawberry,Mansikka,Salad,Salaattia,No,Mutual,,
Strawberry,Mansikka,Pot Marigold,Kehäkukka,No,Mutual,,
Strawberry,Mansikka,Onion,Sipuli,No,One-way Help,,
Strawberry,Mansikka,Chrysanthemums,Krysanteemit,No,Mutual,,
Strawberry,Mansikka,Sage,Salvia,No,Mutual,,
Strawberry,Mansikka,Spinach,Pinaatti,No,Mutual,,
Marjoram,Meirami,Asparagus,Parsa,No,Mutual,,
Marjoram,Meirami,Beans,Pavut,No,Mutual,,
Marjoram,Meirami,Broad bean,Härkäpapu,No,One-way Help,,
Marjoram,Meirami,Bush beans,Bushinpavut,No,One-way Help,,
Marjoram,Meirami,Climbing bean,Kiipeilypapu,No,One-way Help,,
Marjoram,Meirami,Beetroot,Punajuuri,No,Mutual,,
Marjoram,Meirami,Broccoli,Parsakaali,No,One-way Help,,
Marjoram,Meirami,Sprout,Ruusukaali,No,One-way Help,,
Marjoram,Meirami,Cabbages,Kaalit,No,Mutual,,
Marjoram,Meirami,Carrot,Porkkana,No,Mutual,,
Marjoram,Meirami,Cauliflower,Kukkakaali,No,One-way Help,,
Marjoram,Meirami,Celery,Selleri,No,Mutual,,
Marjoram,Meirami,Chives,Ruohosipuli,No,Mutual,,
Marjoram,Meirami,Sweet corn,Makeamaissi,No,One-way Help,,
Marjoram,Meirami,Cucumber,Kurkku,No,Mutual,,
Marjoram,Meirami,Eggplant,Munakoiso,No,Mutual,,
Marjoram,Meirami,Kohlrabi,Kohlrabi,No,Mutual,,
Marjoram,Meirami,Lavender,Laventeli,No,Mutual,,
Marjoram,Meirami,Leek,Purjo,No,Mutual,,
Marjoram,Meirami,Salad,Salaattia,No,Mutual,,
Marjoram,Meirami,Onion,Sipuli,No,One-way Help,,
Marjoram,Meirami,Parsnip,Palsternakka,No,Mutual,,
Marjoram,Meirami,Peas,Herneet,No,Mutual,,
Marjoram,Meirami,Potato,Peruna,No,Mutual,,
Marjoram,Meirami,Pumpkin,Kurpitsa,No,Mutual,,
Marjoram,Meirami,Radish,Retiisi,No,Mutual,,
Marjoram,Meirami,Shallot,Sallottisipuli,No,One-way Help,,
Marjoram,Meirami,Silverbeet,Mangoldi,No,Mutual,,
Marjoram,Meirami,Spinach,Pinaatti,No,Mutual,,
Marjoram,Meirami,Tomato,Tomaatti,No,Mutual,,
Marjoram,Meirami,Zucchini,Kesäkurpitsa,No,Mutual,,
Mint,Minttu,Cabbages,Kaalit,No,Mutual,,
Mint,Minttu,Tomato,Tomaatti,No,Mutual,,
Eggplant,Munakoiso,Beans,Pavut,No,Mutual,,
Eggplant,Munakoiso,Liperi,Liperi,No,Mutual,,
Eggplant,Munakoiso,Marjoram,Meirami,No,Mutual,,
Eggplant,Munakoiso,Potato,Peruna,No,Mutual,,
Turnip,Nauris,Apple,Omena,No,One-way Help,,
Turnip,Nauris,Liperi,Liperi,No,Mutual,,
Turnip,Nauris,Marjoram,Meirami,No,Mutual,,
Turnip,Nauris,Peas,Herneet,No,Mutual,,
Turnip,Nauris,Tomato,Tomaatti,No,Mutual,,
Parsnip,Palsternakka,Beans,Pavut,No,Mutual,,
Parsnip,Palsternakka,Chives,Ruohosipuli,No,Mutual,,
Parsnip,Palsternakka,Coriander,Korianteri,No,Mutual,,
Parsnip,Palsternakka,Dill,Tilli,No,Mutual,,
Parsnip,Palsternakka,Sweet corn,Makeamaissi,No,One-way Help,,
Parsnip,Palsternakka,Garlic,Valkosipuli,No,Mutual,,
Parsnip,Palsternakka,Leek,Purjo,No,Mutual,,
Parsnip,Palsternakka,Salad,Salaattia,No,Mutual,,
Parsnip,Palsternakka,Liperi,Liperi,No,Mutual,,
Parsnip,Palsternakka,Marjoram,Meirami,No,Mutual,,
Parsnip,Palsternakka,Onion,Sipuli,No,One-way Help,,
Parsnip,Palsternakka,Peas,Herneet,No,Mutual,,
Parsnip,Palsternakka,Potato,Peruna,No,Mutual,,
Parsnip,Palsternakka,Radish,Retiisi,No,Mutual,,
Parsnip,Palsternakka,Rosemary,Rosmariini,No,Mutual,,
Parsnip,Palsternakka,Sage,Salvia,No,Mutual,,
Parsnip,Palsternakka,Tomato,Tomaatti,No,Mutual,,
Paprika,Paprika,Carrot,Porkkana,No,One-way Help,,
Paprika,Paprika,Eggplant,Munakoiso,No,One-way Help,,
Paprika,Paprika,Tomato,Tomaatti,No,One-way Help,,
Asparagus,Parsa,Basil,Basilika,No,Mutual,,
Asparagus,Parsa,Chives,Ruohosipuli,No,Mutual,,
Asparagus,Parsa,Liperi,Liperi,No,Mutual,,
Asparagus,Parsa,Marjoram,Meirami,No,Mutual,,
Asparagus,Parsa,Parsley,Persilja,No,Mutual,,
Asparagus,Parsa,Tomato,Tomaatti,No,Mutual,,
BEANS,PAVUT,Broccoli,Parsakaali,Yes,One-way Help,,
BEANS,PAVUT,Sprout,Ruusukaali,Yes,One-way Help,,
BEANS,PAVUT,Cabbages,Kaalit,Yes,Mutual,,
BEANS,PAVUT,Carrot,Porkkana,Yes,Mutual,,
BEANS,PAVUT,Pumpkin,Kurpitsa,Yes,Mutual,,
BEANS,PAVUT,Cauliflower,Kukkakaali,Yes,One-way Help,,
BEANS,PAVUT,Corn,Maissi,Yes,Mutual,,
BEANS,PAVUT,Cucumber,Kurkku,Yes,Mutual,,
BEANS,PAVUT,Salad,Salaattia,Yes,Mutual,,
BEANS,PAVUT,Liperi,Liperi,Yes,Mutual,,
BEANS,PAVUT,Pot Marigold,Kehäkukka,Yes,Mutual,,
BEANS,PAVUT,Marjoram,Meirami,Yes,Mutual,,
BEANS,PAVUT,Parsley,Persilja,Yes,Mutual,,
BEANS,PAVUT,Parsnip,Palsternakka,Yes,Mutual,,
BEANS,PAVUT,Peas,Herneet,Yes,Mutual,,
BEANS,PAVUT,Potato,Peruna,Yes,Mutual,,
BEANS,PAVUT,Rosemary,Rosmariini,Yes,Mutual,,
BEANS,PAVUT,Sage,Salvia,Yes,Mutual,,
BEANS,PAVUT,Savory,Kynteli,Yes,Mutual,,
BEANS,PAVUT,Spinach,Pinaatti,Yes,Mutual,,
Parsley,Persilja,Asparagus,Parsa,No,Mutual,,
Parsley,Persilja,Beans,Pavut,No,Mutual,,
Parsley,Persilja,Chervil,Kirveli,No,Mutual,,
Parsley,Persilja,Chives,Ruohosipuli,No,Mutual,,
Parsley,Persilja,Onion,Sipuli,No,One-way Help,,
Parsley,Persilja,Rosemary,Rosmariini,No,Mutual,,
Parsley,Persilja,Rose,Ruusu,No,Mutual,,
Parsley,Persilja,Tomato,Tomaatti,No,Mutual,,
Potato,Peruna,Beans,Pavut,No,Mutual,,
Potato,Peruna,Broad bean,Härkäpapu,No,One-way Help,,
Potato,Peruna,Bush beans,Bushinpavut,No,One-way Help,,
Potato,Peruna,Beetroot,Punajuuri,No,Mutual,,
Potato,Peruna,Broccoli,Parsakaali,No,One-way Help,,
Potato,Peruna,Sprout,Ruusukaali,No,One-way Help,,
Potato,Peruna,Cabbages,Kaalit,No,Mutual,,
Potato,Peruna,Cauliflower,Kukkakaali,No,One-way Help,,
Potato,Peruna,Corn,Maissi,No,Mutual,,
Potato,Peruna,Eggplant,Munakoiso,No,Mutual,,
Potato,Peruna,Foxglove,Sormustinkukka,No,Mutual,,
Potato,Peruna,Horseradish,Piparjuuri,No,Mutual,,
Potato,Peruna,Pot Marigold,Kehäkukka,No,Mutual,,
Potato,Peruna,Marjoram,Meirami,No,Mutual,,
Potato,Peruna,Cress,Krassi,No,One-way Help,,
Potato,Peruna,Parsnip,Palsternakka,No,Mutual,,
Potato,Peruna,Peas,Herneet,No,Mutual,,
St. John's wort,Pietaryrtti,Apple,Omena,No,One-way Help,,
St. John's wort,Pietaryrtti,Apricot,Aprikoosi,No,One-way Help,,
St. John's wort,Pietaryrtti,Burdock,Purasruoho,No,Mutual,,
St. John's wort,Pietaryrtti,Cabbages,Kaalit,No,Mutual,,
St. John's wort,Pietaryrtti,Cherry,Kirsikka,No,One-way Help,,
St. John's wort,Pietaryrtti,Cucumber,Kurkku,No,Mutual,,
St. John's wort,Pietaryrtti,Fruit trees,Hedelmäpuut,No,Mutual,,
St. John's wort,Pietaryrtti,Gooseberry,Karviaismarja,No,Mutual,,
St. John's wort,Pietaryrtti,Vine,Viiniköynnös,No,Mutual,,
St. John's wort,Pietaryrtti,Mulberry,Mulperipuu,No,One-way Help,,
St. John's wort,Pietaryrtti,Peach,Persikkapuu,No,One-way Help,,
St. John's wort,Pietaryrtti,Pear,Päärynäpuu,No,One-way Help,,
St. John's wort,Pietaryrtti,Plums,Luumut,No,One-way Help,,
St. John's wort,Pietaryrtti,Raspberry,Vadelma,No,Mutual,,
St. John's wort,Pietaryrtti,Rose,Ruusu,No,Mutual,,
St. John's wort,Pietaryrtti,Pumpkin,Kurpitsa,No,Mutual,,
St. John's wort,Pietaryrtti,Yarrow,Siankärsämö,No,Mutual,,
Spinach,Pinaatti,Apple,Omena,No,One-way Help,,
Spinach,Pinaatti,Apricot,Aprikoosi,No,One-way Help,,
Spinach,Pinaatti,Broad bean,Härkäpapu,No,One-way Help,,
Spinach,Pinaatti,Cherry,Kirsikka,No,One-way Help,,
Spinach,Pinaatti,Fruit trees,Hedelmäpuut,No,Mutual,,
Spinach,Pinaatti,Liperi,Liperi,No,Mutual,,
Spinach,Pinaatti,Marjoram,Meirami,No,Mutual,,
Spinach,Pinaatti,Mulberry,Mulperipuu,No,One-way Help,,
Spinach,Pinaatti,Peach,Persikkapuu,No,One-way Help,,
Spinach,Pinaatti,Pear,Päärynäpuu,No,One-way Help,,
Spinach,Pinaatti,Plums,Luumut,No,One-way Help,,
Spinach,Pinaatti,Strawberry,Mansikka,No,Mutual,,
Horseradish,Piparjuuri,Apple,Omena,No,One-way Help,,
Horseradish,Piparjuuri,Apricot,Aprikoosi,No,One-way Help,,
Horseradish,Piparjuuri,Cherry,Kirsikka,No,One-way Help,,
Horseradish,Piparjuuri,Potato,Peruna,No,Mutual,,
Horseradish,Piparjuuri,Rose,Ruusu,No,Mutual,,
Horseradish,Piparjuuri,Nettle,Nokkonen,No,One-way Help,,
Carrot,Porkkana,Beans,Pavut,No,Mutual,,
Carrot,Porkkana,Chives,Ruohosipuli,No,Mutual,,
Carrot,Porkkana,Coriander,Korianteri,No,Mutual,,
Carrot,Porkkana,Cucumber,Kurkku,No,Mutual,,
Carrot,Porkkana,Dill,Tilli,No,Mutual,,
Carrot,Porkkana,Leek,Purjo,No,Mutual,,
Carrot,Porkkana,Salad,Salaattia,No,Mutual,,
Carrot,Porkkana,Liperi,Liperi,No,Mutual,,
Carrot,Porkkana,Pot Marigold,Kehäkukka,No,Mutual,,
Carrot,Porkkana,Marjoram,Meirami,No,Mutual,,
Carrot,Porkkana,Onion,Sipuli,No,One-way Help,,
Carrot,Porkkana,Parsnip,Palsternakka,No,Mutual,,
Carrot,Porkkana,Peas,Herneet,No,Mutual,,
Carrot,Porkkana,Radish,Retiisi,No,Mutual,,
Carrot,Porkkana,Rosemary,Rosmariini,No,Mutual,,
Carrot,Porkkana,Sage,Salvia,No,Mutual,,
Carrot,Porkkana,Tomato,Tomaatti,No,Mutual,,
Burdock,Purasruoho,Broccoli,Parsakaali,No,One-way Help,,
Burdock,Purasruoho,Sprout,Ruusukaali,No,One-way Help,,
Burdock,Purasruoho,Cabbages,Kaalit,No,Mutual,,
Burdock,Purasruoho,Cauliflower,Kukkakaali,No,One-way Help,,
Burdock,Purasruoho,Cucumber,Kurkku,No,Mutual,,
Burdock,Purasruoho,Peas,Herneet,No,Mutual,,
Burdock,Purasruoho,Pumpkin,Kurpitsa,No,Mutual,,
Burdock,Purasruoho,Strawberry,Mansikka,No,Mutual,,
Burdock,Purasruoho,St. John's wort,Pietaryrtti,No,Mutual,,
Burdock,Purasruoho,Tomato,Tomaatti,No,Mutual,,
Leek,Purjo,Carrot,Porkkana,No,Mutual,,
Leek,Purjo,Celery,Selleri,No,Mutual,,
Leek,Purjo,Marjoram,Meirami,No,Mutual,,
Leek,Purjo,Onion,Sipuli,No,One-way Help,,
Beetroot,Punajuuri,Bush beans,Bushinpavut,No,One-way Help,,
Beetroot,Punajuuri,Broccoli,Parsakaali,No,One-way Help,,
Beetroot,Punajuuri,Sprout,Ruusukaali,No,One-way Help,,
Beetroot,Punajuuri,Cabbages,Kaalit,No,Mutual,,
Beetroot,Punajuuri,Cauliflower,Kukkakaali,No,One-way Help,,
Beetroot,Punajuuri,Dill,Tilli,No,Mutual,,
Beetroot,Punajuuri,Kohlrabi,Kohlrabi,No,Mutual,,
Beetroot,Punajuuri,Salad,Salaattia,No,Mutual,,
Beetroot,Punajuuri,Liperi,Liperi,No,Mutual,,
Beetroot,Punajuuri,Marjoram,Meirami,No,Mutual,,
Beetroot,Punajuuri,Onion,Sipuli,No,One-way Help,,
Beetroot,Punajuuri,Peas,Herneet,No,Mutual,,
Beetroot,Punajuuri,Potato,Peruna,No,Mutual,,
Beetroot,Punajuuri,Silverbeet,mangoldi,No,Mutual,,
Spearmint,Puolanminttu,Cabbages,Kaalit,No,One-way Help,,
Radish,Retiisi,Climbing bean,Kiipeilypapu,No,One-way Help,,
Radish,Retiisi,Carrot,Porkkana,No,Mutual,,
Radish,Retiisi,Chervil,Kirveli,No,Mutual,,
Radish,Retiisi,Corn,Maissi,No,Mutual,,
Radish,Retiisi,Cucumber,Kurkku,No,Mutual,,
Radish,Retiisi,Salad,Salaattia,No,Mutual,,
Radish,Retiisi,Marjoram,Meirami,No,Mutual,,
Radish,Retiisi,Cress,Krassi,No,One-way Help,,
Radish,Retiisi,Parsnip,Palsternakka,No,Mutual,,
Rosemary,Rosmariini,Beans,Pavut,No,Mutual,,
Rosemary,Rosmariini,Cabbages,Kaalit,No,Mutual,,
Rosemary,Rosmariini,Carrot,Porkkana,No,Mutual,,
Rosemary,Rosmariini,Garlic,Valkosipuli,No,Mutual,,
Rosemary,Rosmariini,Parsley,Persilja,No,Mutual,,
Rosemary,Rosmariini,Sage,Salvia,No,Mutual,,
Chives,Ruohosipuli,Apple,Omena,No,One-way Help,,
Chives,Ruohosipuli,Asparagus,Parsa,No,Mutual,,
Chives,Ruohosipuli,Carrot,Porkkana,No,Mutual,,
Chives,Ruohosipuli,Cherry,Kirsikka,No,One-way Help,,
Chives,Ruohosipuli,Fruit trees,Hedelmäpuut,No,Mutual,,
Chives,Ruohosipuli,Liperi,Liperi,No,Mutual,,
Chives,Ruohosipuli,Marjoram,Meirami,No,Mutual,,
Chives,Ruohosipuli,Mulberry,Mulperipuu,No,One-way Help,,
Chives,Ruohosipuli,Parsley,Persilja,No,Mutual,,
Chives,Ruohosipuli,Parsnip,Palsternakka,No,Mutual,,
Chives,Ruohosipuli,Peach,Persikkapuu,No,One-way Help,,
Chives,Ruohosipuli,Peas,Herneet,No,Mutual,,
Chives,Ruohosipuli,Plums,Luumut,No,One-way Help,,
Chives,Ruohosipuli,Rose,Ruusu,No,Mutual,,
Chives,Ruohosipuli,Strawberry,Mansikka,No,Mutual,,
Chives,Ruohosipuli,Tomato,Tomaatti,No,Mutual,,
Chives,Ruohosipuli,Fennel,Fenkoli,No,Mutual,,
Chives,Ruohosipuli,Common Rue,Tuoksuruuta,No,Mutual,,
Chives,Ruohosipuli,Shallot,Sallottisipuli,No,One-way Help,,
Rose,Ruusu,Chives,Ruohosipuli,No,Mutual,,
Rose,Ruusu,Garlic,Valkosipuli,No,Mutual,,
Rose,Ruusu,Horseradish,Piparjuuri,No,Mutual,,
Rose,Ruusu,Hyssop,Iisoppi,No,Mutual,,
Rose,Ruusu,Lavender,Laventeli,No,Mutual,,
Rose,Ruusu,Lemon balm,Sitruunamelissa,No,Mutual,,
Rose,Ruusu,Pot Marigold,Kehäkukka,No,Mutual,,
Rose,Ruusu,Cress,Krassi,No,One-way Help,,
Rose,Ruusu,Onion,Sipuli,No,One-way Help,,
Rose,Ruusu,Parsley,Persilja,No,Mutual,,
Rose,Ruusu,Common Rue,Tuoksuruuta,No,Mutual,,
Rose,Ruusu,Sage,Salvia,No,Mutual,,
Rose,Ruusu,St. John's wort,Pietaryrtti,No,Mutual,,
Rose,Ruusu,Thyme,Timjami,No,Mutual,,
Salad,Salaattia,Beans,Pavut,No,Mutual,,
Salad,Salaattia,Broad bean,Härkäpapu,No,One-way Help,,
Salad,Salaattia,Climbing bean,Kiipeilypapu,No,One-way Help,,
Salad,Salaattia,Beetroot,Punajuuri,No,Mutual,,
Salad,Salaattia,Cabbages,Kaalit,No,Mutual,,
Salad,Salaattia,Carrot,Porkkana,No,Mutual,,
Salad,Salaattia,Cherry,Kirsikka,No,One-way Help,,
Salad,Salaattia,Chervil,Kirveli,No,Mutual,,
Salad,Salaattia,Cucumber,Kurkku,No,Mutual,,
Salad,Salaattia,Pot Marigold,Kehäkukka,No,Mutual,,
Salad,Salaattia,Marjoram,Meirami,No,Mutual,,
Salad,Salaattia,Onion,Sipuli,No,One-way Help,,
Salad,Salaattia,Peas,Herneet,No,Mutual,,
Salad,Salaattia,Radish,Retiisi,No,Mutual,,
Salad,Salaattia,Strawberry,Mansikka,No,Mutual,,
Sage,Salvia,Beans,Pavut,No,Mutual,,
Sage,Salvia,Cabbages,Kaalit,No,Mutual,,
Sage,Salvia,Carrot,Porkkana,No,Mutual,,
Sage,Salvia,Parsnip,Palsternakka,No,Mutual,,
Sage,Salvia,Peas,Herneet,No,Mutual,,
Sage,Salvia,Rosemary,Rosmariini,No,Mutual,,
Sage,Salvia,Rose,Ruusu,No,Mutual,,
Sage,Salvia,Strawberry,Mansikka,No,Mutual,,
Sage,Salvia,Wormwood,Koiruoho,No,Mutual,,
Celery,Selleri,Bush beans,Bushinpavut,No,One-way Help,,
Celery,Selleri,Cabbages,Kaalit,No,Mutual,,
Celery,Selleri,Dill,Tilli,No,Mutual,,
Celery,Selleri,Leek,Purjo,No,Mutual,,
Celery,Selleri,Liperi,Liperi,No,Mutual,,
Celery,Selleri,Marjoram,Meirami,No,Mutual,,
Celery,Selleri,Parsnip,Palsternakka,No,Mutual,,
Celery,Selleri,Peas,Herneet,No,Mutual,,
Celery,Selleri,Tomato,Tomaatti,No,Mutual,,
Yarrow,Siankärsämö,Apple,Omena,No,One-way Help,,
Yarrow,Siankärsämö,Apricot,Aprikoosi,No,One-way Help,,
Yarrow,Siankärsämö,Cherry,Kirsikka,No,One-way Help,,
Yarrow,Siankärsämö,Chervil,Kirveli,No,Mutual,,
Yarrow,Siankärsämö,Fruit trees,Hedelmäpuut,No,Mutual,,
Yarrow,Siankärsämö,Vine,Viiniköynnös,No,Mutual,,
Yarrow,Siankärsämö,Grass,Ruoho,No,One-way Help,,
Yarrow,Siankärsämö,Mulberry,Mulperipuu,No,One-way Help,,
Yarrow,Siankärsämö,Peach,Persikkapuu,No,One-way Help,,
Yarrow,Siankärsämö,Pear,Päärynäpuu,No,One-way Help,,
Yarrow,Siankärsämö,Plums,Luumut,No,One-way Help,,
Yarrow,Siankärsämö,St. John's wort,Pietaryrtti,No,Mutual,,
Mustard,Sinappi,Apple,Omena,No,One-way Help,,
Mustard,Sinappi,Apricot,Aprikoosi,No,One-way Help,,
Mustard,Sinappi,Cherry,Kirsikka,No,One-way Help,,
Mustard,Sinappi,Fruit trees,Hedelmäpuut,No,Mutual,,
Mustard,Sinappi,Beans,Pavut,No,Mutual,,
Mustard,Sinappi,Vine,Viiniköynnös,No,Mutual,,
Mustard,Sinappi,Mulberry,Mulperipuu,No,One-way Help,,
Mustard,Sinappi,Peach,Persikkapuu,No,One-way Help,,
Mustard,Sinappi,Pear,Päärynäpuu,No,One-way Help,,
Mustard,Sinappi,Plums,Luumut,No,One-way Help,,
ONIONS,SIPULIT,Beetroot,Punajuuri,Yes,One-way Help,,
ONIONS,SIPULIT,Cabbages,Kaalit,Yes,One-way Help,,
ONIONS,SIPULIT,Carrot,Porkkana,Yes,One-way Help,,
ONIONS,SIPULIT,Leek,Purjo,Yes,One-way Help,,
ONIONS,SIPULIT,Salad,Salaattia,Yes,One-way Help,,
ONIONS,SIPULIT,Liperi,Liperi,Yes,One-way Help,,
ONIONS,SIPULIT,Marjoram,Meirami,Yes,One-way Help,,
ONIONS,SIPULIT,Parsley,Persilja,Yes,One-way Help,,
ONIONS,SIPULIT,Parsnip,Palsternakka,Yes,One-way Help,,
ONIONS,SIPULIT,Rose,Ruusu,Yes,One-way Help,,
ONIONS,SIPULIT,Savory,Kynteli,Yes,One-way Help,,
ONIONS,SIPULIT,Silverbeet,Mangoldi,Yes,One-way Help,,
ONIONS,SIPULIT,Strawberry,Mansikka,Yes,One-way Help,,
ONIONS,SIPULIT,Tomato,Tomaatti,Yes,One-way Help,,
Lemon balm,Sitruunamelissa,Apple,Omena,No,One-way Help,,
Lemon balm,Sitruunamelissa,Apricot,Aprikoosi,No,One-way Help,,
Lemon balm,Sitruunamelissa,Cherry,Kirsikka,No,One-way Help,,
Lemon balm,Sitruunamelissa,Fruit trees,Hedelmäpuut,No,Mutual,,
Lemon balm,Sitruunamelissa,Mulberry,Mulperipuu,No,One-way Help,,
Lemon balm,Sitruunamelissa,Rose,Ruusu,No,Mutual,,
Foxglove,Sormustinkukka,Apple,Omena,No,One-way Help,,
Foxglove,Sormustinkukka,Potato,Peruna,No,Mutual,,
Foxglove,Sormustinkukka,Tomato,Tomaatti,No,Mutual,,
Dill,Tilli,Beetroot,Punajuuri,No,Mutual,,
Dill,Tilli,Broccoli,Parsakaali,No,One-way Help,,
Dill,Tilli,Sprout,Ruusukaali,No,One-way Help,,
Dill,Tilli,Cabbages,Kaalit,No,Mutual,,
Dill,Tilli,Carrot,Porkkana,No,Mutual,,
Dill,Tilli,Cauliflower,Kukkakaali,No,One-way Help,,
Dill,Tilli,Celery,Selleri,No,Mutual,,
Dill,Tilli,Chervil,Kirveli,No,Mutual,,
Dill,Tilli,Coriander,Korianteri,No,Mutual,,
Dill,Tilli,Cucumber,Kurkku,No,Mutual,,
Dill,Tilli,Fennel,Fenkoli,No,Mutual,,
Dill,Tilli,Tomato,Tomaatti,No,Mutual,,
Thyme,Timjami,Cabbages,Kaalit,No,Mutual,,
Thyme,Timjami,Rose,Ruusu,No,Mutual,,
Tomato,Tomaatti,Asparagus,Parsa,No,Mutual,,
Tomato,Tomaatti,Basil,Basilika,No,Mutual,,
Tomato,Tomaatti,Burdock,Purasruoho,No,Mutual,,
Tomato,Tomaatti,Broccoli,Parsakaali,No,One-way Help,,
Tomato,Tomaatti,Sprout,Ruusukaali,No,One-way Help,,
Tomato,Tomaatti,Carrot,Porkkana,No,Mutual,,
Tomato,Tomaatti,Cauliflower,Kukkakaali,No,One-way Help,,
Tomato,Tomaatti,Celery,Selleri,No,Mutual,,
Tomato,Tomaatti,Chives,Ruohosipuli,No,Mutual,,
Tomato,Tomaatti,Dill,Tilli,No,Mutual,,
Tomato,Tomaatti,Foxglove,Sormustinkukka,No,Mutual,,
Tomato,Tomaatti,Gooseberry,Karviaismarja,No,Mutual,,
Tomato,Tomaatti,Vine,Viiniköynnös,No,Mutual,,
Tomato,Tomaatti,Hyssop,Iisoppi,No,Mutual,,
Tomato,Tomaatti,Kohlrabi,Kohlrabi,No,Mutual,,
Tomato,Tomaatti,Liperi,Liperi,No,Mutual,,
Tomato,Tomaatti,Pot Marigold,Kehäkukka,No,Mutual,,
Tomato,Tomaatti,Marjoram,Meirami,No,Mutual,,
Tomato,Tomaatti,Mint,Minttu,No,Mutual,,
Tomato,Tomaatti,Cress,Krassi,No,One-way Help,,
Tomato,Tomaatti,Onion,Sipuli,No,One-way Help,,
Tomato,Tomaatti,Parsley,Persilja,No,Mutual,,
Tomato,Tomaatti,Parsnip,Palsternakka,No,Mutual,,
Tomato,Tomaatti,Potato,Peruna,No,Mutual,,
Tomato,Tomaatti,Turnip,Nauris,No,Mutual,,
Common Rue,Tuoksuruuta,Sprout,Ruusukaali,No,One-way Help,,
Common Rue,Tuoksuruuta,Cauliflower,Kukkakaali,No,One-way Help,,
Common Rue,Tuoksuruuta,Kohlrabi,Kohlrabi,No,Mutual,,
Common Rue,Tuoksuruuta,Raspberry,Vadelma,No,Mutual,,
Common Rue,Tuoksuruuta,Rose,Ruusu,No,Mutual,,
Wallflower,Ukonnauriit,Apple,Omena,No,One-way Help,,
Raspberry,Vadelma,Pot Marigold,Kehäkukka,No,Mutual,,
Raspberry,Vadelma,Peas,Herneet,No,Mutual,,
Raspberry,Vadelma,Common Rue,Tuoksuruuta,No,Mutual,,
Raspberry,Vadelma,St. John's wort,Pietaryrtti,No,Mutual,,
Garlic,Valkosipuli,Apple,Omena,No,One-way Help,,
Garlic,Valkosipuli,Apricot,Aprikoosi,No,One-way Help,,
Garlic,Valkosipuli,Cherry,Kirsikka,No,One-way Help,,
Garlic,Valkosipuli,Chervil,Kirveli,No,Mutual,,
Garlic,Valkosipuli,Fruit trees,Hedelmäpuut,No,Mutual,,
Garlic,Valkosipuli,Lavender,Laventeli,No,Mutual,,
Garlic,Valkosipuli,Parsnip,Palsternakka,No,Mutual,,
Garlic,Valkosipuli,Peach,Persikkapuu,No,One-way Help,,
Garlic,Valkosipuli,Pear,Päärynäpuu,No,One-way Help,,
Garlic,Valkosipuli,Peas,Herneet,No,Mutual,,
Garlic,Valkosipuli,Rosemary,Rosmariini,No,Mutual,,
Garlic,Valkosipuli,Rose,Ruusu,No,Mutual,,
Garlic,Valkosipuli,Strawberry,Mansikka,No,Mutual,,
Vine,Viiniköynnös,Basil,Basilika,No,Mutual,,
Vine,Viiniköynnös,Beans,Pavut,No,Mutual,,
Vine,Viiniköynnös,Hyssop,Iisoppi,No,Mutual,,
Vine,Viiniköynnös,Mustard,Sinappi,No,Mutual,,
Vine,Viiniköynnös,Mulberry,Mulperipuu,No,One-way Help,,
Vine,Viiniköynnös,St. John's wort,Pietaryrtti,No,Mutual,,
Vine,Viiniköynnös,Tomato,Tomaatti,No,Mutual,,
Vine,Viiniköynnös,Yarrow,Siankärsämö,No,Mutual,,
Basil,Basilika,Common Rue,Tuoksuruuta,No,Mutual Avoid,,
Basil,Basilika,Silverbeet,Mangoldi,No,Mutual Avoid,,
Fennel,Fenkoli,Beans,Pavut,No,Mutual Avoid,,
Fennel,Fenkoli,Broad bean,Härkäpapu,No,One-way Avoid,,
Fennel,Fenkoli,Tomato,Tomaatti,No,Mutual Avoid,,
Peas,Herneet,Onions,Sipulit,No,Mutual Avoid,,
Fruit trees,Hedelmäpuut,Grass,Ruoho,No,Mutual Avoid,,
Fruit trees,Hedelmäpuut,Tomato,Tomaatti,No,Mutual Avoid,,
Fruit trees,Hedelmäpuut,Potato,Peruna,No,Mutual Avoid,,
CABBAGES,KAALIT,Garlic,Valkosipuli,Yes,Mutual Avoid,,
CABBAGES,KAALIT,Common Rue,Tuoksuruuta,Yes,Mutual Avoid,,
CABBAGES,KAALIT,Strawberry,Mansikka,Yes,Mutual Avoid,,
CABBAGES,KAALIT,Tomato,Tomaatti,Yes,Mutual Avoid,,
Cabbage,Kaali,Garlic,Valkosipuli,No,One-way Avoid,,
Cabbage,Kaali,Common Rue,Tuoksuruuta,No,One-way Avoid,,
Cabbage,Kaali,Strawberry,Mansikka,No,One-way Avoid,,
Cabbage,Kaali,Tomato,Tomaatti,No,One-way Avoid,,
Chamomile,Kamomilla,Mint,Minttu,No,Mutual Avoid,,
Coriander,Korianteri,Fennel,Fenkoli,No,One-way Avoid,,
Cucumber,Kurkku,Potato,Peruna,No,Mutual Avoid,,
Cucumber,Kurkku,Sage,Salvia,No,One-way Avoid,,
Pumpkins,Kurpitsat,Potato,Peruna,No,One-way Avoid,,
Pumpkin,Kurpitsa,Potato,Peruna,No,Mutual Avoid,,
Lavender,Laventeli,Fennel,Fenkoli,No,One-way Avoid,,
Silverbeet,Mangoldi,Basil,Basilika,No,Mutual Avoid,,
Strawberry,Mansikka,Broccoli,Parsakaali,No,One-way Avoid,,
Strawberry,Mansikka,Cabbages,Kaalit,No,Mutual Avoid,,
Strawberry,Mansikka,Cauliflower,Kukkakaali,No,One-way Avoid,,
Mint,Minttu,Chamomile,Kamomilla,No,Mutual Avoid,,
Mint,Minttu,Parsley,Persilja,No,Mutual Avoid,,
Parsnip,Palsternakka,Carrot,Porkkana,No,One-way Avoid,,
Parsnip,Palsternakka,Celery,Selleri,No,One-way Avoid,,
BEANS,PAVUT,Chives,Ruohosipuli,Yes,Mutual Avoid,,
BEANS,PAVUT,Fennel,Fenkoli,Yes,Mutual Avoid,,
BEANS,PAVUT,Garlic,Valkosipuli,Yes,Mutual Avoid,,
BEANS,PAVUT,Onions,Sipulit,Yes,Mutual Avoid,,
BEANS,PAVUT,Shallot,Sallottisipuli,Yes,One-way Avoid,,
Parsley,Persilja,Mint,Minttu,No,Mutual Avoid,,
Parsley,Persilja,Salad,Salaatti,No,One-way Avoid,,
Potato,Peruna,Apple,Omena,No,One-way Avoid,,
Potato,Peruna,Celery,Selleri,No,Mutual Avoid,,
Potato,Peruna,Cherry,Kirsikka,No,One-way Avoid,,
Potato,Peruna,Cucumber,Kurkku,No,Mutual Avoid,,
Potato,Peruna,Pumpkin,Kurpitsa,No,Mutual Avoid,,
Potato,Peruna,Raspberry,Vadelma,No,Mutual Avoid,,
Potato,Peruna,Rosemary,Rosmariini,No,Mutual Avoid,,
Potato,Peruna,Sunflower,Auringonkukka,No,One-way Avoid,,
Potato,Peruna,Tomato,Tomaatti,No,Mutual Avoid,,
Beetroot,Punajuuri,Climbing bean,Kiipeilypapu,No,One-way Avoid,,
Beetroot,Punajuuri,Tomato,Tomaatti,No,Mutual Avoid,,
Rosemary,Rosmariini,Potato,Peruna,No,Mutual Avoid,,
Rosemary,Rosmariini,Tomato,Tomaatti,No,Mutual Avoid,,
Grass,Ruoho,Apple,Omena,No,One-way Avoid,,
Grass,Ruoho,Apricot,Aprikoosi,No,One-way Avoid,,
Grass,Ruoho,Cherry,Kirsikka,No,One-way Avoid,,
Grass,Ruoho,Fruit trees,Hedelmäpuut,No,Mutual Avoid,,
Grass,Ruoho,Sage,Salvia,No,One-way Avoid,,
Chives,Ruohosipuli,Beans,Pavut,No,Mutual Avoid,,
Chives,Ruohosipuli,Broad bean,Härkäpapu,No,One-way Avoid,,
Chives,Ruohosipuli,Bush bean,Bushinpapu,No,One-way Avoid,,
Chives,Ruohosipuli,Climbing bean,Kiipeilypapu,No,One-way Avoid,,
Chives,Ruohosipuli,Peas,Herneet,No,Mutual Avoid,,
Salad,Salaattia,Parsley,Persilja,No,One-way Avoid,,
Celery,Selleri,Potato,Peruna,No,Mutual Avoid,,
ONIONS,SIPULIT,Beans,Pavut,Yes,Mutual Avoid,,
ONIONS,SIPULIT,Broad bean,Härkäpapu,Yes,One-way Avoid,,
ONIONS,SIPULIT,Bush bean,Bushinpapu,Yes,One-way Avoid,,
ONIONS,SIPULIT,Climbing bean,Kiipeilypapu,Yes,One-way Avoid,,
ONIONS,SIPULIT,Peas,Herneet,Yes,Mutual Avoid,,
Tomato,Tomaatti,Beetroot,Punajuuri,No,Mutual Avoid,,
Tomato,Tomaatti,Fennel,Fenkoli,No,Mutual Avoid,,
Tomato,Tomaatti,Potato,Peruna,No,Mutual Avoid,,
Tomato,Tomaatti,Rosemary,Rosmariini,No,Mutual Avoid,,
Common Rue,Tuoksuruuta,Basil,Basilika,No,Mutual Avoid,,
Common Rue,Tuoksuruuta,Broccoli,Parsakaali,No,One-way Avoid,,
Common Rue,Tuoksuruuta,Cabbages,Kaalit,No,Mutual Avoid,,
Common Rue,Tuoksuruuta,Cauliflower,Kukkakaali,No,One-way Avoid,,
Common Rue,Tuoksuruuta,Sage,Salvia,No,One-way Avoid,,
Raspberry,Vadelma,Potato,Peruna,No,Mutual Avoid,,
Garlic,Valkosipuli,Beans,Pavut,No,Mutual Avoid,,
Garlic,Valkosipuli,Broad bean,Härkäpapu,No,One-way Avoid,,
Garlic,Valkosipuli,Bush bean,Bushinpapu,No,One-way Avoid,,
Garlic,Valkosipuli,Cabbages,Kaalit,No,Mutual Avoid,,
Garlic,Valkosipuli,Sunflower,Auringonkukka,No,One-way Avoid,,
Garlic,Valkosipuli,Climbing bean,Kiipeilypapu,No,One-way Avoid,,
Catnip,Aitokissanminttu,Ants,Muurahaiset,No,Repellent,,
Basil,Basilika,Aphids,Kirvat,No,Repellent,,
Basil,Basilika,Flies,Kärpäset,No,Repellent,,
Basil,Basilika,Fruit fly,Hedelmäkärpänen,No,Repellent,,
Basil,Basilika,Ground beef,Jauhiaiset,No,Repellent,,
Fennel,Fenkoli,Fleas,Kirput,No,Repellent,,
Hyssop,Iisoppi,Butterfly,Perhonen,No,Repellent,,
CABBAGES,KAALIT,Snails,Kotilot,Yes,Repellent,,
Cabbage,Kaali,Snails,Kotilot,No,Repellent,,
Chamomile,Kamomilla,Butterfly,Perhonen,No,Repellent,,
Wormwood,Koiruoho,Fleas,Kirput,No,Repellent,,
Wormwood,Koiruoho,Flies,Kärpäset,No,Repellent,,
Wormwood,Koiruoho,Mice,Hiiret,No,Repellent,,
Wormwood,Koiruoho,Mosquitoes,Hyttyset,No,Repellent,,
Wormwood,Koiruoho,Moths,Koit,No,Repellent,,
Wormwood,Koiruoho,Snails,Etanat,No,Repellent,,
Nasturtium,Koristekrassi,Ground beef,Jauhiaiset,No,Repellent,,
Chrysanthemums,Krysanteemit,Ciliates,Ripsiäiset,No,Repellent,,
Lavender,Laventeli,Moths,Koit,No,Repellent,,
Mint,Minttu,Ants,Muurahaiset,No,Repellent,,
Mint,Minttu,Butterfly,Perhonen,No,Repellent,,
Mint,Minttu,Moths,Koit,No,Repellent,,
Mint,Minttu,Mice,Hiiret,No,Repellent,,
Nettle,Nokkonen,Mushrooms,Sienet,No,Repellent,,
Nettle,Nokkonen,Molds,Homeet,No,Repellent,,
Nettle,Nokkonen,Aphids,Kirvat,No,Repellent,,
St. John's wort,Pietaryrtti,Ants,Muurahaiset,No,Repellent,,
St. John's wort,Pietaryrtti,Butterfly,Perhonen,No,Repellent,,
St. John's wort,Pietaryrtti,Fleas,Kirput,No,Repellent,,
St. John's wort,Pietaryrtti,Flies,Kärpäset,No,Repellent,,
St. John's wort,Pietaryrtti,Fruit fly,Hedelmäkärpänen,No,Repellent,,
St. John's wort,Pietaryrtti,Mosquitoes,Hyttyset,No,Repellent,,
Horseradish,Piparjuuri,Caterpillar,Toukka,No,Repellent,,
Spearmint,Puolanminttu,Ants,Muurahaiset,No,Repellent,,
Spearmint,Puolanminttu,Aphids,Kirvat,No,Repellent,,
Spearmint,Puolanminttu,Fleas,Kirput,No,Repellent,,
Spearmint,Puolanminttu,Mosquitoes,Hyttyset,No,Repellent,,
Spearmint,Puolanminttu,Moths,Koit,No,Repellent,,
Rosemary,Rosmariini,Butterfly,Perhonen,No,Repellent,,
Rosemary,Rosmariini,Moths,Koit,No,Repellent,,
Rosemary,Rosmariini,Snails,Etanat,No,Repellent,,
Chives,Ruohosipuli,Molds,Homeet,No,Repellent,,
Sage,Salvia,Mushrooms,Sienet,No,Repellent,,
Sage,Salvia,Molds,Homeet,No,Repellent,,
Sage,Salvia,Moths,Koit,No,Repellent,,
ONIONS,SIPULIT,Vegetable mite,Vihannespunkki,No,Repellent,,
Dill,Tilli,Butterfly,Perhonen,No,Repellent,,
Thyme,Timjami,Butterfly,Perhonen,No,Repellent,,
Thyme,Timjami,Moths,Koit,No,Repellent,,
Tomato,Tomaatti,Aphids,Kirvat,No,Repellent,,
Tomato,Tomaatti,Caterpillar,Toukka,No,Repellent,,
Tomato,Tomaatti,Ciliates,Ripsiäiset,No,Repellent,,
Common Rue,Tuoksuruuta,Flies,Kärpäset,No,Repellent,,
Garlic,Valkosipuli,Ants,Muurahaiset,No,Repellent,,
Garlic,Valkosipuli,Aphids,Kirvat,No,Repellent,,
Garlic,Valkosipuli,Butterfly,Perhonen,No,Repellent,,
Garlic,Valkosipuli,Caterpillar,Toukka,No,Repellent,,
Garlic,Valkosipuli,Mosquitoes,Hyttyset,No,Repellent,,
Garlic,Valkosipuli,Snails,Kotilot,No,Repellent,,
Garlic,Valkosipuli,Worms,Madot,No,Repellent,,
Garlic,Valkosipuli,Weevils,Kärsäkkäät,No,Repellent,,
Garlic,Valkosipuli,Vegetable mite,Vihannespunkki,No,Repellent,,
